row_id,game,variant,n,params,initial_state,goal_state,solution,num_moves
hanoi_baseline_n2,hanoi,baseline,2,"{""num_pegs"": 3}","[[2, 1], [], []]","[[], [], [2, 1]]","[[1, 0, 1], [2, 0, 2], [1, 1, 2]]",3
hanoi_baseline_n3,hanoi,baseline,3,"{""num_pegs"": 3}","[[3, 2, 1], [], []]","[[], [], [3, 2, 1]]","[[1, 0, 2], [2, 0, 1], [1, 2, 1], [3, 0, 2], [1, 1, 0], [2, 1, 2], [1, 0, 2]]",7
hanoi_baseline_n4,hanoi,baseline,4,"{""num_pegs"": 3}","[[4, 3, 2, 1], [], []]","[[], [], [4, 3, 2, 1]]","[[1, 0, 1], [2, 0, 2], [1, 1, 2], [3, 0, 1], [1, 2, 0], [2, 2, 1], [1, 0, 1], [4, 0, 2], [1, 1, 2], [2, 1, 0], [1, 2, 0], [3, 1, 2], [1, 0, 1], [2, 0, 2], [1, 1, 2]]",15
hanoi_baseline_n5,hanoi,baseline,5,"{""num_pegs"": 3}","[[5, 4, 3, 2, 1], [], []]","[[], [], [5, 4, 3, 2, 1]]","[[1, 0, 2], [2, 0, 1], [1, 2, 1], [3, 0, 2], [1, 1, 0], [2, 1, 2], [1, 0, 2], [4, 0, 1], [1, 2, 1], [2, 2, 0], [1, 1, 0], [3, 2, 1], [1, 0, 2], [2, 0, 1], [1, 2, 1], [5, 0, 2], [1, 1, 0], [2, 1, 2], [1, 0, 2], [3, 1, 0], [1, 2, 1], [2, 2, 0], [1, 1, 0], [4, 1, 2], [1, 0, 2], [2, 0, 1], [1, 2, 1], [3, 0, 2], [1, 1, 0], [2, 1, 2], [1, 0, 2]]",31
hanoi_baseline_n6,hanoi,baseline,6,"{""num_pegs"": 3}","[[6, 5, 4, 3, 2, 1], [], []]","[[], [], [6, 5, 4, 3, 2, 1]]","[[1, 0, 1], [2, 0, 2], [1, 1, 2], [3, 0, 1], [1, 2, 0], [2, 2, 1], [1, 0, 1], [4, 0, 2], [1, 1, 2], [2, 1, 0], [1, 2, 0], [3, 1, 2], [1, 0, 1], [2, 0, 2], [1, 1, 2], [5, 0, 1], [1, 2, 0], [2, 2, 1], [1, 0, 1], [3, 2, 0], [1, 1, 2], [2, 1, 0], [1, 2, 0], [4, 2, 1], [1, 0, 1], [2, 0, 2], [1, 1, 2], [3, 0, 1], [1, 2, 0], [2, 2, 1], [1, 0, 1], [6, 0, 2], [1, 1, 2], [2, 1, 0], [1, 2, 0], [3, 1, 2], [1, 0, 1], [2, 0, 2], [1, 1, 2], [4, 1, 0], [1, 2, 0], [2, 2, 1], [1, 0, 1], [3, 2, 0], [1, 1, 2], [2, 1, 0], [1, 2, 0], [5, 1, 2], [1, 0, 1], [2, 0, 2], [1, 1, 2], [3, 0, 1], [1, 2, 0], [2, 2, 1], [1, 0, 1], [4, 0, 2], [1, 1, 2], [2, 1, 0], [1, 2, 0], [3, 1, 2], [1, 0, 1], [2, 0, 2], [1, 1, 2]]",63
hanoi_baseline_n7,hanoi,baseline,7,"{""num_pegs"": 3}","[[7, 6, 5, 4, 3, 2, 1], [], []]","[[], [], [7, 6, 5, 4, 3, 2, 1]]","[[1, 0, 2], [2, 0, 1], [1, 2, 1], [3, 0, 2], [1, 1, 0], [2, 1, 2], [1, 0, 2], [4, 0, 1], [1, 2, 1], [2, 2, 0], [1, 1, 0], [3, 2, 1], [1, 0, 2], [2, 0, 1], [1, 2, 1], [5, 0, 2], [1, 1, 0], [2, 1, 2], [1, 0, 2], [3, 1, 0], [1, 2, 1], [2, 2, 0], [1, 1, 0], [4, 1, 2], [1, 0, 2], [2, 0, 1], [1, 2, 1], [3, 0, 2], [1, 1, 0], [2, 1, 2], [1, 0, 2], [6, 0, 1], [1, 2, 1], [2, 2, 0], [1, 1, 0], [3, 2, 1], [1, 0, 2], [2, 0, 1], [1, 2, 1], [4, 2, 0], [1, 1, 0], [2, 1, 2], [1, 0, 2], [3, 1, 0], [1, 2, 1], [2, 2, 0], [1, 1, 0], [5, 2, 1], [1, 0, 2], [2, 0, 1], [1, 2, 1], [3, 0, 2], [1, 1, 0], [2, 1, 2], [1, 0, 2], [4, 0, 1], [1, 2, 1], [2, 2, 0], [1, 1, 0], [3, 2, 1], [1, 0, 2], [2, 0, 1], [1, 2, 1], [7, 0, 2], [1, 1, 0], [2, 1, 2], [1, 0, 2], [3, 1, 0], [1, 2, 1], [2, 2, 0], [1, 1, 0], [4, 1, 2], [1, 0, 2], [2, 0, 1], [1, 2, 1], [3, 0, 2], [1, 1, 0], [2, 1, 2], [1, 0, 2], [5, 1, 0], [1, 2, 1], [2, 2, 0], [1, 1, 0], [3, 2, 1], [1, 0, 2], [2, 0, 1], [1, 2, 1], [4, 2, 0], [1, 1, 0], [2, 1, 2], [1, 0, 2], [3, 1, 0], [1, 2, 1], [2, 2, 0], [1, 1, 0], [6, 1, 2], [1, 0, 2], [2, 0, 1], [1, 2, 1], [3, 0, 2], [1, 1, 0], [2, 1, 2], [1, 0, 2], [4, 0, 1], [1, 2, 1], [2, 2, 0], [1, 1, 0], [3, 2, 1], [1, 0, 2], [2, 0, 1], [1, 2, 1], [5, 0, 2], [1, 1, 0], [2, 1, 2], [1, 0, 2], [3, 1, 0], [1, 2, 1], [2, 2, 0], [1, 1, 0], [4, 1, 2], [1, 0, 2], [2, 0, 1], [1, 2, 1], [3, 0, 2], [1, 1, 0], [2, 1, 2], [1, 0, 2]]",127
hanoi_cf1_four_pegs_n2,hanoi,cf1_four_pegs,2,"{""num_pegs"": 4}","[[2, 1], [], [], []]","[[], [], [], [2, 1]]","[[1, 0, 1], [2, 0, 3], [1, 1, 3]]",3
hanoi_cf1_four_pegs_n3,hanoi,cf1_four_pegs,3,"{""num_pegs"": 4}","[[3, 2, 1], [], [], []]","[[], [], [], [3, 2, 1]]","[[1, 0, 1], [2, 0, 2], [3, 0, 3], [2, 2, 3], [1, 1, 3]]",5
hanoi_cf1_four_pegs_n4,hanoi,cf1_four_pegs,4,"{""num_pegs"": 4}","[[4, 3, 2, 1], [], [], []]","[[], [], [], [4, 3, 2, 1]]","[[1, 0, 1], [2, 0, 3], [3, 0, 2], [2, 3, 2], [4, 0, 3], [2, 2, 0], [3, 2, 3], [2, 0, 3], [1, 1, 3]]",9
hanoi_cf1_four_pegs_n5,hanoi,cf1_four_pegs,5,"{""num_pegs"": 4}","[[5, 4, 3, 2, 1], [], [], []]","[[], [], [], [5, 4, 3, 2, 1]]","[[1, 0, 2], [2, 0, 1], [1, 2, 1], [3, 0, 3], [4, 0, 2], [3, 3, 2], [5, 0, 3], [3, 2, 0], [4, 2, 3], [3, 0, 3], [1, 1, 0], [2, 1, 3], [1, 0, 3]]",13
hanoi_cf1_four_pegs_n6,hanoi,cf1_four_pegs,6,"{""num_pegs"": 4}","[[6, 5, 4, 3, 2, 1], [], [], []]","[[], [], [], [6, 5, 4, 3, 2, 1]]","[[1, 0, 2], [2, 0, 3], [3, 0, 1], [2, 3, 1], [1, 2, 1], [4, 0, 3], [5, 0, 2], [4, 3, 2], [6, 0, 3], [4, 2, 0], [5, 2, 3], [4, 0, 3], [1, 1, 0], [2, 1, 2], [3, 1, 3], [2, 2, 3], [1, 0, 3]]",17
hanoi_cf1_four_pegs_n7,hanoi,cf1_four_pegs,7,"{""num_pegs"": 4}","[[7, 6, 5, 4, 3, 2, 1], [], [], []]","[[], [], [], [7, 6, 5, 4, 3, 2, 1]]","[[1, 0, 2], [2, 0, 3], [3, 0, 1], [2, 3, 1], [1, 2, 1], [4, 0, 2], [5, 0, 3], [4, 2, 3], [6, 0, 2], [4, 3, 0], [5, 3, 2], [4, 0, 2], [7, 0, 3], [4, 2, 3], [5, 2, 0], [4, 3, 0], [6, 2, 3], [4, 0, 2], [5, 0, 3], [4, 2, 3], [1, 1, 0], [2, 1, 2], [3, 1, 3], [2, 2, 3], [1, 0, 3]]",25
hanoi_cf2_adjacent_n2,hanoi,cf2_adjacent,2,"{""num_pegs"": 3, ""adjacent_only"": true}","[[2, 1], [], []]","[[], [], [2, 1]]","[[1, 0, 1], [1, 1, 2], [2, 0, 1], [1, 2, 1], [1, 1, 0], [2, 1, 2], [1, 0, 1], [1, 1, 2]]",8
hanoi_cf2_adjacent_n3,hanoi,cf2_adjacent,3,"{""num_pegs"": 3, ""adjacent_only"": true}","[[3, 2, 1], [], []]","[[], [], [3, 2, 1]]","[[1, 0, 1], [1, 1, 2], [2, 0, 1], [1, 2, 1], [1, 1, 0], [2, 1, 2], [1, 0, 1], [1, 1, 2], [3, 0, 1], [1, 2, 1], [1, 1, 0], [2, 2, 1], [1, 0, 1], [1, 1, 2], [2, 1, 0], [1, 2, 1], [1, 1, 0], [3, 1, 2], [1, 0, 1], [1, 1, 2], [2, 0, 1], [1, 2, 1], [1, 1, 0], [2, 1, 2], [1, 0, 1], [1, 1, 2]]",26
hanoi_cf2_adjacent_n4,hanoi,cf2_adjacent,4,"{""num_pegs"": 3, ""adjacent_only"": true}","[[4, 3, 2, 1], [], []]","[[], [], [4, 3, 2, 1]]","[[1, 0, 1], [1, 1, 2], [2, 0, 1], [1, 2, 1], [1, 1, 0], [2, 1, 2], [1, 0, 1], [1, 1, 2], [3, 0, 1], [1, 2, 1], [1, 1, 0], [2, 2, 1], [1, 0, 1], [1, 1, 2], [2, 1, 0], [1, 2, 1], [1, 1, 0], [3, 1, 2], [1, 0, 1], [1, 1, 2], [2, 0, 1], [1, 2, 1], [1, 1, 0], [2, 1, 2], [1, 0, 1], [1, 1, 2], [4, 0, 1], [1, 2, 1], [1, 1, 0], [2, 2, 1], [1, 0, 1], [1, 1, 2], [2, 1, 0], [1, 2, 1], [1, 1, 0], [3, 2, 1], [1, 0, 1], [1, 1, 2], [2, 0, 1], [1, 2, 1], [1, 1, 0], [2, 1, 2], [1, 0, 1], [1, 1, 2], [3, 1, 0], [1, 2, 1], [1, 1, 0], [2, 2, 1], [1, 0, 1], [1, 1, 2], [2, 1, 0], [1, 2, 1], [1, 1, 0], [4, 1, 2], [1, 0, 1], [1, 1, 2], [2, 0, 1], [1, 2, 1], [1, 1, 0], [2, 1, 2], [1, 0, 1], [1, 1, 2], [3, 0, 1], [1, 2, 1], [1, 1, 0], [2, 2, 1], [1, 0, 1], [1, 1, 2], [2, 1, 0], [1, 2, 1], [1, 1, 0], [3, 1, 2], [1, 0, 1], [1, 1, 2], [2, 0, 1], [1, 2, 1], [1, 1, 0], [2, 1, 2], [1, 0, 1], [1, 1, 2]]",80
hanoi_cf2_adjacent_n5,hanoi,cf2_adjacent,5,"{""num_pegs"": 3, ""adjacent_only"": true}","[[5, 4, 3, 2, 1], [], []]","[[], [], [5, 4, 3, 2, 1]]","[[1, 0, 1], [1, 1, 2], [2, 0, 1], [1, 2, 1], [1, 1, 0], [2, 1, 2], [1, 0, 1], [1, 1, 2], [3, 0, 1], [1, 2, 1], [1, 1, 0], [2, 2, 1], [1, 0, 1], [1, 1, 2], [2, 1, 0], [1, 2, 1], [1, 1, 0], [3, 1, 2], [1, 0, 1], [1, 1, 2], [2, 0, 1], [1, 2, 1], [1, 1, 0], [2, 1, 2], [1, 0, 1], [1, 1, 2], [4, 0, 1], [1, 2, 1], [1, 1, 0], [2, 2, 1], [1, 0, 1], [1, 1, 2], [2, 1, 0], [1, 2, 1], [1, 1, 0], [3, 2, 1], [1, 0, 1], [1, 1, 2], [2, 0, 1], [1, 2, 1], [1, 1, 0], [2, 1, 2], [1, 0, 1], [1, 1, 2], [3, 1, 0], [1, 2, 1], [1, 1, 0], [2, 2, 1], [1, 0, 1], [1, 1, 2], [2, 1, 0], [1, 2, 1], [1, 1, 0], [4, 1, 2], [1, 0, 1], [1, 1, 2], [2, 0, 1], [1, 2, 1], [1, 1, 0], [2, 1, 2], [1, 0, 1], [1, 1, 2], [3, 0, 1], [1, 2, 1], [1, 1, 0], [2, 2, 1], [1, 0, 1], [1, 1, 2], [2, 1, 0], [1, 2, 1], [1, 1, 0], [3, 1, 2], [1, 0, 1], [1, 1, 2], [2, 0, 1], [1, 2, 1], [1, 1, 0], [2, 1, 2], [1, 0, 1], [1, 1, 2], [5, 0, 1], [1, 2, 1], [1, 1, 0], [2, 2, 1], [1, 0, 1], [1, 1, 2], [2, 1, 0], [1, 2, 1], [1, 1, 0], [3, 2, 1], [1, 0, 1], [1, 1, 2], [2, 0, 1], [1, 2, 1], [1, 1, 0], [2, 1, 2], [1, 0, 1], [1, 1, 2], [3, 1, 0], [1, 2, 1], [1, 1, 0], [2, 2, 1], [1, 0, 1], [1, 1, 2], [2, 1, 0], [1, 2, 1], [1, 1, 0], [4, 2, 1], [1, 0, 1], [1, 1, 2], [2, 0, 1], [1, 2, 1], [1, 1, 0], [2, 1, 2], [1, 0, 1], [1, 1, 2], [3, 0, 1], [1, 2, 1], [1, 1, 0], [2, 2, 1], [1, 0, 1], [1, 1, 2], [2, 1, 0], [1, 2, 1], [1, 1, 0], [3, 1, 2], [1, 0, 1], [1, 1, 2], [2, 0, 1], [1, 2, 1], [1, 1, 0], [2, 1, 2], [1, 0, 1], [1, 1, 2], [4, 1, 0], [1, 2, 1], [1, 1, 0], [2, 2, 1], [1, 0, 1], [1, 1, 2], [2, 1, 0], [1, 2, 1], [1, 1, 0], [3, 2, 1], [1, 0, 1], [1, 1, 2], [2, 0, 1], [1, 2, 1], [1, 1, 0], [2, 1, 2], [1, 0, 1], [1, 1, 2], [3, 1, 0], [1, 2, 1], [1, 1, 0], [2, 2, 1], [1, 0, 1], [1, 1, 2], [2, 1, 0], [1, 2, 1], [1, 1, 0], [5, 1, 2], [1, 0, 1], [1, 1, 2], [2, 0, 1], [1, 2, 1], [1, 1, 0], [2, 1, 2], [1, 0, 1], [1, 1, 2], [3, 0, 1], [1, 2, 1], [1, 1, 0], [2, 2, 1], [1, 0, 1], [1, 1, 2], [2, 1, 0], [1, 2, 1], [1, 1, 0], [3, 1, 2], [1, 0, 1], [1, 1, 2], [2, 0, 1], [1, 2, 1], [1, 1, 0], [2, 1, 2], [1, 0, 1], [1, 1, 2], [4, 0, 1], [1, 2, 1], [1, 1, 0], [2, 2, 1], [1, 0, 1], [1, 1, 2], [2, 1, 0], [1, 2, 1], [1, 1, 0], [3, 2, 1], [1, 0, 1], [1, 1, 2], [2, 0, 1], [1, 2, 1], [1, 1, 0], [2, 1, 2], [1, 0, 1], [1, 1, 2], [3, 1, 0], [1, 2, 1], [1, 1, 0], [2, 2, 1], [1, 0, 1], [1, 1, 2], [2, 1, 0], [1, 2, 1], [1, 1, 0], [4, 1, 2], [1, 0, 1], [1, 1, 2], [2, 0, 1], [1, 2, 1], [1, 1, 0], [2, 1, 2], [1, 0, 1], [1, 1, 2], [3, 0, 1], [1, 2, 1], [1, 1, 0], [2, 2, 1], [1, 0, 1], [1, 1, 2], [2, 1, 0], [1, 2, 1], [1, 1, 0], [3, 1, 2], [1, 0, 1], [1, 1, 2], [2, 0, 1], [1, 2, 1], [1, 1, 0], [2, 1, 2], [1, 0, 1], [1, 1, 2]]",242
hanoi_cf2_adjacent_n6,hanoi,cf2_adjacent,6,"{""num_pegs"": 3, ""adjacent_only"": true}","[[6, 5, 4, 3, 2, 1], [], []]","[[], [], [6, 5, 4, 3, 2, 1]]","[[1, 0, 1], [1, 1, 2], [2, 0, 1], [1, 2, 1], [1, 1, 0], [2, 1, 2], [1, 0, 1], [1, 1, 2], [3, 0, 1], [1, 2, 1], [1, 1, 0], [2, 2, 1], [1, 0, 1], [1, 1, 2], [2, 1, 0], [1, 2, 1], [1, 1, 0], [3, 1, 2], [1, 0, 1], [1, 1, 2], [2, 0, 1], [1, 2, 1], [1, 1, 0], [2, 1, 2], [1, 0, 1], [1, 1, 2], [4, 0, 1], [1, 2, 1], [1, 1, 0], [2, 2, 1], [1, 0, 1], [1, 1, 2], [2, 1, 0], [1, 2, 1], [1, 1, 0], [3, 2, 1], [1, 0, 1], [1, 1, 2], [2, 0, 1], [1, 2, 1], [1, 1, 0], [2, 1, 2], [1, 0, 1], [1, 1, 2], [3, 1, 0], [1, 2, 1], [1, 1, 0], [2, 2, 1], [1, 0, 1], [1, 1, 2], [2, 1, 0], [1, 2, 1], [1, 1, 0], [4, 1, 2], [1, 0, 1], [1, 1, 2], [2, 0, 1], [1, 2, 1], [1, 1, 0], [2, 1, 2], [1, 0, 1], [1, 1, 2], [3, 0, 1], [1, 2, 1], [1, 1, 0], [2, 2, 1], [1, 0, 1], [1, 1, 2], [2, 1, 0], [1, 2, 1], [1, 1, 0], [3, 1, 2], [1, 0, 1], [1, 1, 2], [2, 0, 1], [1, 2, 1], [1, 1, 0], [2, 1, 2], [1, 0, 1], [1, 1, 2], [5, 0, 1], [1, 2, 1], [1, 1, 0], [2, 2, 1], [1, 0, 1], [1, 1, 2], [2, 1, 0], [1, 2, 1], [1, 1, 0], [3, 2, 1], [1, 0, 1], [1, 1, 2], [2, 0, 1], [1, 2, 1], [1, 1, 0], [2, 1, 2], [1, 0, 1], [1, 1, 2], [3, 1, 0], [1, 2, 1], [1, 1, 0], [2, 2, 1], [1, 0, 1], [1, 1, 2], [2, 1, 0], [1, 2, 1], [1, 1, 0], [4, 2, 1], [1, 0, 1], [1, 1, 2], [2, 0, 1], [1, 2, 1], [1, 1, 0], [2, 1, 2], [1, 0, 1], [1, 1, 2], [3, 0, 1], [1, 2, 1], [1, 1, 0], [2, 2, 1], [1, 0, 1], [1, 1, 2], [2, 1, 0], [1, 2, 1], [1, 1, 0], [3, 1, 2], [1, 0, 1], [1, 1, 2], [2, 0, 1], [1, 2, 1], [1, 1, 0], [2, 1, 2], [1, 0, 1], [1, 1, 2], [4, 1, 0], [1, 2, 1], [1, 1, 0], [2, 2, 1], [1, 0, 1], [1, 1, 2], [2, 1, 0], [1, 2, 1], [1, 1, 0], [3, 2, 1], [1, 0, 1], [1, 1, 2], [2, 0, 1], [1, 2, 1], [1, 1, 0], [2, 1, 2], [1, 0, 1], [1, 1, 2], [3, 1, 0], [1, 2, 1], [1, 1, 0], [2, 2, 1], [1, 0, 1], [1, 1, 2], [2, 1, 0], [1, 2, 1], [1, 1, 0], [5, 1, 2], [1, 0, 1], [1, 1, 2], [2, 0, 1], [1, 2, 1], [1, 1, 0], [2, 1, 2], [1, 0, 1], [1, 1, 2], [3, 0, 1], [1, 2, 1], [1, 1, 0], [2, 2, 1], [1, 0, 1], [1, 1, 2], [2, 1, 0], [1, 2, 1], [1, 1, 0], [3, 1, 2], [1, 0, 1], [1, 1, 2], [2, 0, 1], [1, 2, 1], [1, 1, 0], [2, 1, 2], [1, 0, 1], [1, 1, 2], [4, 0, 1], [1, 2, 1], [1, 1, 0], [2, 2, 1], [1, 0, 1], [1, 1, 2], [2, 1, 0], [1, 2, 1], [1, 1, 0], [3, 2, 1], [1, 0, 1], [1, 1, 2], [2, 0, 1], [1, 2, 1], [1, 1, 0], [2, 1, 2], [1, 0, 1], [1, 1, 2], [3, 1, 0], [1, 2, 1], [1, 1, 0], [2, 2, 1], [1, 0, 1], [1, 1, 2], [2, 1, 0], [1, 2, 1], [1, 1, 0], [4, 1, 2], [1, 0, 1], [1, 1, 2], [2, 0, 1], [1, 2, 1], [1, 1, 0], [2, 1, 2], [1, 0, 1], [1, 1, 2], [3, 0, 1], [1, 2, 1], [1, 1, 0], [2, 2, 1], [1, 0, 1], [1, 1, 2], [2, 1, 0], [1, 2, 1], [1, 1, 0], [3, 1, 2], [1, 0, 1], [1, 1, 2], [2, 0, 1], [1, 2, 1], [1, 1, 0], [2, 1, 2], [1, 0, 1], [1, 1, 2], [6, 0, 1], [1, 2, 1], [1, 1, 0], [2, 2, 1], [1, 0, 1], [1, 1, 2], [2, 1, 0], [1, 2, 1], [1, 1, 0], [3, 2, 1], [1, 0, 1], [1, 1, 2], [2, 0, 1], [1, 2, 1], [1, 1, 0], [2, 1, 2], [1, 0, 1], [1, 1, 2], [3, 1, 0], [1, 2, 1], [1, 1, 0], [2, 2, 1], [1, 0, 1], [1, 1, 2], [2, 1, 0], [1, 2, 1], [1, 1, 0], [4, 2, 1], [1, 0, 1], [1, 1, 2], [2, 0, 1], [1, 2, 1], [1, 1, 0], [2, 1, 2], [1, 0, 1], [1, 1, 2], [3, 0, 1], [1, 2, 1], [1, 1, 0], [2, 2, 1], [1, 0, 1], [1, 1, 2], [2, 1, 0], [1, 2, 1], [1, 1, 0], [3, 1, 2], [1, 0, 1], [1, 1, 2], [2, 0, 1], [1, 2, 1], [1, 1, 0], [2, 1, 2], [1, 0, 1], [1, 1, 2], [4, 1, 0], [1, 2, 1], [1, 1, 0], [2, 2, 1], [1, 0, 1], [1, 1, 2], [2, 1, 0], [1, 2, 1], [1, 1, 0], [3, 2, 1], [1, 0, 1], [1, 1, 2], [2, 0, 1], [1, 2, 1], [1, 1, 0], [2, 1, 2], [1, 0, 1], [1, 1, 2], [3, 1, 0], [1, 2, 1], [1, 1, 0], [2, 2, 1], [1, 0, 1], [1, 1, 2], [2, 1, 0], [1, 2, 1], [1, 1, 0], [5, 2, 1], [1, 0, 1], [1, 1, 2], [2, 0, 1], [1, 2, 1], [1, 1, 0], [2, 1, 2], [1, 0, 1], [1, 1, 2], [3, 0, 1], [1, 2, 1], [1, 1, 0], [2, 2, 1], [1, 0, 1], [1, 1, 2], [2, 1, 0], [1, 2, 1], [1, 1, 0], [3, 1, 2], [1, 0, 1], [1, 1, 2], [2, 0, 1], [1, 2, 1], [1, 1, 0], [2, 1, 2], [1, 0, 1], [1, 1, 2], [4, 0, 1], [1, 2, 1], [1, 1, 0], [2, 2, 1], [1, 0, 1], [1, 1, 2], [2, 1, 0], [1, 2, 1], [1, 1, 0], [3, 2, 1], [1, 0, 1], [1, 1, 2], [2, 0, 1], [1, 2, 1], [1, 1, 0], [2, 1, 2], [1, 0, 1], [1, 1, 2], [3, 1, 0], [1, 2, 1], [1, 1, 0], [2, 2, 1], [1, 0, 1], [1, 1, 2], [2, 1, 0], [1, 2, 1], [1, 1, 0], [4, 1, 2], [1, 0, 1], [1, 1, 2], [2, 0, 1], [1, 2, 1], [1, 1, 0], [2, 1, 2], [1, 0, 1], [1, 1, 2], [3, 0, 1], [1, 2, 1], [1, 1, 0], [2, 2, 1], [1, 0, 1], [1, 1, 2], [2, 1, 0], [1, 2, 1], [1, 1, 0], [3, 1, 2], [1, 0, 1], [1, 1, 2], [2, 0, 1], [1, 2, 1], [1, 1, 0], [2, 1, 2], [1, 0, 1], [1, 1, 2], [5, 1, 0], [1, 2, 1], [1, 1, 0], [2, 2, 1], [1, 0, 1], [1, 1, 2], [2, 1, 0], [1, 2, 1], [1, 1, 0], [3, 2, 1], [1, 0, 1], [1, 1, 2], [2, 0, 1], [1, 2, 1], [1, 1, 0], [2, 1, 2], [1, 0, 1], [1, 1, 2], [3, 1, 0], [1, 2, 1], [1, 1, 0], [2, 2, 1], [1, 0, 1], [1, 1, 2], [2, 1, 0], [1, 2, 1], [1, 1, 0], [4, 2, 1], [1, 0, 1], [1, 1, 2], [2, 0, 1], [1, 2, 1], [1, 1, 0], [2, 1, 2], [1, 0, 1], [1, 1, 2], [3, 0, 1], [1, 2, 1], [1, 1, 0], [2, 2, 1], [1, 0, 1], [1, 1, 2], [2, 1, 0], [1, 2, 1], [1, 1, 0], [3, 1, 2], [1, 0, 1], [1, 1, 2], [2, 0, 1], [1, 2, 1], [1, 1, 0], [2, 1, 2], [1, 0, 1], [1, 1, 2], [4, 1, 0], [1, 2, 1], [1, 1, 0], [2, 2, 1], [1, 0, 1], [1, 1, 2], [2, 1, 0], [1, 2, 1], [1, 1, 0], [3, 2, 1], [1, 0, 1], [1, 1, 2], [2, 0, 1], [1, 2, 1], [1, 1, 0], [2, 1, 2], [1, 0, 1], [1, 1, 2], [3, 1, 0], [1, 2, 1], [1, 1, 0], [2, 2, 1], [1, 0, 1], [1, 1, 2], [2, 1, 0], [1, 2, 1], [1, 1, 0], [6, 1, 2], [1, 0, 1], [1, 1, 2], [2, 0, 1], [1, 2, 1], [1, 1, 0], [2, 1, 2], [1, 0, 1], [1, 1, 2], [3, 0, 1], [1, 2, 1], [1, 1, 0], [2, 2, 1], [1, 0, 1], [1, 1, 2], [2, 1, 0], [1, 2, 1], [1, 1, 0], [3, 1, 2], [1, 0, 1], [1, 1, 2], [2, 0, 1], [1, 2, 1], [1, 1, 0], [2, 1, 2], [1, 0, 1], [1, 1, 2], [4, 0, 1], [1, 2, 1], [1, 1, 0], [2, 2, 1], [1, 0, 1], [1, 1, 2], [2, 1, 0], [1, 2, 1], [1, 1, 0], [3, 2, 1], [1, 0, 1], [1, 1, 2], [2, 0, 1], [1, 2, 1], [1, 1, 0], [2, 1, 2], [1, 0, 1], [1, 1, 2], [3, 1, 0], [1, 2, 1], [1, 1, 0], [2, 2, 1], [1, 0, 1], [1, 1, 2], [2, 1, 0], [1, 2, 1], [1, 1, 0], [4, 1, 2], [1, 0, 1], [1, 1, 2], [2, 0, 1], [1, 2, 1], [1, 1, 0], [2, 1, 2], [1, 0, 1], [1, 1, 2], [3, 0, 1], [1, 2, 1], [1, 1, 0], [2, 2, 1], [1, 0, 1], [1, 1, 2], [2, 1, 0], [1, 2, 1], [1, 1, 0], [3, 1, 2], [1, 0, 1], [1, 1, 2], [2, 0, 1], [1, 2, 1], [1, 1, 0], [2, 1, 2], [1, 0, 1], [1, 1, 2], [5, 0, 1], [1, 2, 1], [1, 1, 0], [2, 2, 1], [1, 0, 1], [1, 1, 2], [2, 1, 0], [1, 2, 1], [1, 1, 0], [3, 2, 1], [1, 0, 1], [1, 1, 2], [2, 0, 1], [1, 2, 1], [1, 1, 0], [2, 1, 2], [1, 0, 1], [1, 1, 2], [3, 1, 0], [1, 2, 1], [1, 1, 0], [2, 2, 1], [1, 0, 1], [1, 1, 2], [2, 1, 0], [1, 2, 1], [1, 1, 0], [4, 2, 1], [1, 0, 1], [1, 1, 2], [2, 0, 1], [1, 2, 1], [1, 1, 0], [2, 1, 2], [1, 0, 1], [1, 1, 2], [3, 0, 1], [1, 2, 1], [1, 1, 0], [2, 2, 1], [1, 0, 1], [1, 1, 2], [2, 1, 0], [1, 2, 1], [1, 1, 0], [3, 1, 2], [1, 0, 1], [1, 1, 2], [2, 0, 1], [1, 2, 1], [1, 1, 0], [2, 1, 2], [1, 0, 1], [1, 1, 2], [4, 1, 0], [1, 2, 1], [1, 1, 0], [2, 2, 1], [1, 0, 1], [1, 1, 2], [2, 1, 0], [1, 2, 1], [1, 1, 0], [3, 2, 1], [1, 0, 1], [1, 1, 2], [2, 0, 1], [1, 2, 1], [1, 1, 0], [2, 1, 2], [1, 0, 1], [1, 1, 2], [3, 1, 0], [1, 2, 1], [1, 1, 0], [2, 2, 1], [1, 0, 1], [1, 1, 2], [2, 1, 0], [1, 2, 1], [1, 1, 0], [5, 1, 2], [1, 0, 1], [1, 1, 2], [2, 0, 1], [1, 2, 1], [1, 1, 0], [2, 1, 2], [1, 0, 1], [1, 1, 2], [3, 0, 1], [1, 2, 1], [1, 1, 0], [2, 2, 1], [1, 0, 1], [1, 1, 2], [2, 1, 0], [1, 2, 1], [1, 1, 0], [3, 1, 2], [1, 0, 1], [1, 1, 2], [2, 0, 1], [1, 2, 1], [1, 1, 0], [2, 1, 2], [1, 0, 1], [1, 1, 2], [4, 0, 1], [1, 2, 1], [1, 1, 0], [2, 2, 1], [1, 0, 1], [1, 1, 2], [2, 1, 0], [1, 2, 1], [1, 1, 0], [3, 2, 1], [1, 0, 1], [1, 1, 2], [2, 0, 1], [1, 2, 1], [1, 1, 0], [2, 1, 2], [1, 0, 1], [1, 1, 2], [3, 1, 0], [1, 2, 1], [1, 1, 0], [2, 2, 1], [1, 0, 1], [1, 1, 2], [2, 1, 0], [1, 2, 1], [1, 1, 0], [4, 1, 2], [1, 0, 1], [1, 1, 2], [2, 0, 1], [1, 2, 1], [1, 1, 0], [2, 1, 2], [1, 0, 1], [1, 1, 2], [3, 0, 1], [1, 2, 1], [1, 1, 0], [2, 2, 1], [1, 0, 1], [1, 1, 2], [2, 1, 0], [1, 2, 1], [1, 1, 0], [3, 1, 2], [1, 0, 1], [1, 1, 2], [2, 0, 1], [1, 2, 1], [1, 1, 0], [2, 1, 2], [1, 0, 1], [1, 1, 2]]",728
hanoi_cf2_adjacent_n7,hanoi,cf2_adjacent,7,"{""num_pegs"": 3, ""adjacent_only"": true}","[[7, 6, 5, 4, 3, 2, 1], [], []]","[[], [], [7, 6, 5, 4, 3, 2, 1]]","[[1, 0, 1], [1, 1, 2], [2, 0, 1], [1, 2, 1], [1, 1, 0], [2, 1, 2], [1, 0, 1], [1, 1, 2], [3, 0, 1], [1, 2, 1], [1, 1, 0], [2, 2, 1], [1, 0, 1], [1, 1, 2], [2, 1, 0], [1, 2, 1], [1, 1, 0], [3, 1, 2], [1, 0, 1], [1, 1, 2], [2, 0, 1], [1, 2, 1], [1, 1, 0], [2, 1, 2], [1, 0, 1], [1, 1, 2], [4, 0, 1], [1, 2, 1], [1, 1, 0], [2, 2, 1], [1, 0, 1], [1, 1, 2], [2, 1, 0], [1, 2, 1], [1, 1, 0], [3, 2, 1], [1, 0, 1], [1, 1, 2], [2, 0, 1], [1, 2, 1], [1, 1, 0], [2, 1, 2], [1, 0, 1], [1, 1, 2], [3, 1, 0], [1, 2, 1], [1, 1, 0], [2, 2, 1], [1, 0, 1], [1, 1, 2], [2, 1, 0], [1, 2, 1], [1, 1, 0], [4, 1, 2], [1, 0, 1], [1, 1, 2], [2, 0, 1], [1, 2, 1], [1, 1, 0], [2, 1, 2], [1, 0, 1], [1, 1, 2], [3, 0, 1], [1, 2, 1], [1, 1, 0], [2, 2, 1], [1, 0, 1], [1, 1, 2], [2, 1, 0], [1, 2, 1], [1, 1, 0], [3, 1, 2], [1, 0, 1], [1, 1, 2], [2, 0, 1], [1, 2, 1], [1, 1, 0], [2, 1, 2], [1, 0, 1], [1, 1, 2], [5, 0, 1], [1, 2, 1], [1, 1, 0], [2, 2, 1], [1, 0, 1], [1, 1, 2], [2, 1, 0], [1, 2, 1], [1, 1, 0], [3, 2, 1], [1, 0, 1], [1, 1, 2], [2, 0, 1], [1, 2, 1], [1, 1, 0], [2, 1, 2], [1, 0, 1], [1, 1, 2], [3, 1, 0], [1, 2, 1], [1, 1, 0], [2, 2, 1], [1, 0, 1], [1, 1, 2], [2, 1, 0], [1, 2, 1], [1, 1, 0], [4, 2, 1], [1, 0, 1], [1, 1, 2], [2, 0, 1], [1, 2, 1], [1, 1, 0], [2, 1, 2], [1, 0, 1], [1, 1, 2], [3, 0, 1], [1, 2, 1], [1, 1, 0], [2, 2, 1], [1, 0, 1], [1, 1, 2], [2, 1, 0], [1, 2, 1], [1, 1, 0], [3, 1, 2], [1, 0, 1], [1, 1, 2], [2, 0, 1], [1, 2, 1], [1, 1, 0], [2, 1, 2], [1, 0, 1], [1, 1, 2], [4, 1, 0], [1, 2, 1], [1, 1, 0], [2, 2, 1], [1, 0, 1], [1, 1, 2], [2, 1, 0], [1, 2, 1], [1, 1, 0], [3, 2, 1], [1, 0, 1], [1, 1, 2], [2, 0, 1], [1, 2, 1], [1, 1, 0], [2, 1, 2], [1, 0, 1], [1, 1, 2], [3, 1, 0], [1, 2, 1], [1, 1, 0], [2, 2, 1], [1, 0, 1], [1, 1, 2], [2, 1, 0], [1, 2, 1], [1, 1, 0], [5, 1, 2], [1, 0, 1], [1, 1, 2], [2, 0, 1], [1, 2, 1], [1, 1, 0], [2, 1, 2], [1, 0, 1], [1, 1, 2], [3, 0, 1], [1, 2, 1], [1, 1, 0], [2, 2, 1], [1, 0, 1], [1, 1, 2], [2, 1, 0], [1, 2, 1], [1, 1, 0], [3, 1, 2], [1, 0, 1], [1, 1, 2], [2, 0, 1], [1, 2, 1], [1, 1, 0], [2, 1, 2], [1, 0, 1], [1, 1, 2], [4, 0, 1], [1, 2, 1], [1, 1, 0], [2, 2, 1], [1, 0, 1], [1, 1, 2], [2, 1, 0], [1, 2, 1], [1, 1, 0], [3, 2, 1], [1, 0, 1], [1, 1, 2], [2, 0, 1], [1, 2, 1], [1, 1, 0], [2, 1, 2], [1, 0, 1], [1, 1, 2], [3, 1, 0], [1, 2, 1], [1, 1, 0], [2, 2, 1], [1, 0, 1], [1, 1, 2], [2, 1, 0], [1, 2, 1], [1, 1, 0], [4, 1, 2], [1, 0, 1], [1, 1, 2], [2, 0, 1], [1, 2, 1], [1, 1, 0], [2, 1, 2], [1, 0, 1], [1, 1, 2], [3, 0, 1], [1, 2, 1], [1, 1, 0], [2, 2, 1], [1, 0, 1], [1, 1, 2], [2, 1, 0], [1, 2, 1], [1, 1, 0], [3, 1, 2], [1, 0, 1], [1, 1, 2], [2, 0, 1], [1, 2, 1], [1, 1, 0], [2, 1, 2], [1, 0, 1], [1, 1, 2], [6, 0, 1], [1, 2, 1], [1, 1, 0], [2, 2, 1], [1, 0, 1], [1, 1, 2], [2, 1, 0], [1, 2, 1], [1, 1, 0], [3, 2, 1], [1, 0, 1], [1, 1, 2], [2, 0, 1], [1, 2, 1], [1, 1, 0], [2, 1, 2], [1, 0, 1], [1, 1, 2], [3, 1, 0], [1, 2, 1], [1, 1, 0], [2, 2, 1], [1, 0, 1], [1, 1, 2], [2, 1, 0], [1, 2, 1], [1, 1, 0], [4, 2, 1], [1, 0, 1], [1, 1, 2], [2, 0, 1], [1, 2, 1], [1, 1, 0], [2, 1, 2], [1, 0, 1], [1, 1, 2], [3, 0, 1], [1, 2, 1], [1, 1, 0], [2, 2, 1], [1, 0, 1], [1, 1, 2], [2, 1, 0], [1, 2, 1], [1, 1, 0], [3, 1, 2], [1, 0, 1], [1, 1, 2], [2, 0, 1], [1, 2, 1], [1, 1, 0], [2, 1, 2], [1, 0, 1], [1, 1, 2], [4, 1, 0], [1, 2, 1], [1, 1, 0], [2, 2, 1], [1, 0, 1], [1, 1, 2], [2, 1, 0], [1, 2, 1], [1, 1, 0], [3, 2, 1], [1, 0, 1], [1, 1, 2], [2, 0, 1], [1, 2, 1], [1, 1, 0], [2, 1, 2], [1, 0, 1], [1, 1, 2], [3, 1, 0], [1, 2, 1], [1, 1, 0], [2, 2, 1], [1, 0, 1], [1, 1, 2], [2, 1, 0], [1, 2, 1], [1, 1, 0], [5, 2, 1], [1, 0, 1], [1, 1, 2], [2, 0, 1], [1, 2, 1], [1, 1, 0], [2, 1, 2], [1, 0, 1], [1, 1, 2], [3, 0, 1], [1, 2, 1], [1, 1, 0], [2, 2, 1], [1, 0, 1], [1, 1, 2], [2, 1, 0], [1, 2, 1], [1, 1, 0], [3, 1, 2], [1, 0, 1], [1, 1, 2], [2, 0, 1], [1, 2, 1], [1, 1, 0], [2, 1, 2], [1, 0, 1], [1, 1, 2], [4, 0, 1], [1, 2, 1], [1, 1, 0], [2, 2, 1], [1, 0, 1], [1, 1, 2], [2, 1, 0], [1, 2, 1], [1, 1, 0], [3, 2, 1], [1, 0, 1], [1, 1, 2], [2, 0, 1], [1, 2, 1], [1, 1, 0], [2, 1, 2], [1, 0, 1], [1, 1, 2], [3, 1, 0], [1, 2, 1], [1, 1, 0], [2, 2, 1], [1, 0, 1], [1, 1, 2], [2, 1, 0], [1, 2, 1], [1, 1, 0], [4, 1, 2], [1, 0, 1], [1, 1, 2], [2, 0, 1], [1, 2, 1], [1, 1, 0], [2, 1, 2], [1, 0, 1], [1, 1, 2], [3, 0, 1], [1, 2, 1], [1, 1, 0], [2, 2, 1], [1, 0, 1], [1, 1, 2], [2, 1, 0], [1, 2, 1], [1, 1, 0], [3, 1, 2], [1, 0, 1], [1, 1, 2], [2, 0, 1], [1, 2, 1], [1, 1, 0], [2, 1, 2], [1, 0, 1], [1, 1, 2], [5, 1, 0], [1, 2, 1], [1, 1, 0], [2, 2, 1], [1, 0, 1], [1, 1, 2], [2, 1, 0], [1, 2, 1], [1, 1, 0], [3, 2, 1], [1, 0, 1], [1, 1, 2], [2, 0, 1], [1, 2, 1], [1, 1, 0], [2, 1, 2], [1, 0, 1], [1, 1, 2], [3, 1, 0], [1, 2, 1], [1, 1, 0], [2, 2, 1], [1, 0, 1], [1, 1, 2], [2, 1, 0], [1, 2, 1], [1, 1, 0], [4, 2, 1], [1, 0, 1], [1, 1, 2], [2, 0, 1], [1, 2, 1], [1, 1, 0], [2, 1, 2], [1, 0, 1], [1, 1, 2], [3, 0, 1], [1, 2, 1], [1, 1, 0], [2, 2, 1], [1, 0, 1], [1, 1, 2], [2, 1, 0], [1, 2, 1], [1, 1, 0], [3, 1, 2], [1, 0, 1], [1, 1, 2], [2, 0, 1], [1, 2, 1], [1, 1, 0], [2, 1, 2], [1, 0, 1], [1, 1, 2], [4, 1, 0], [1, 2, 1], [1, 1, 0], [2, 2, 1], [1, 0, 1], [1, 1, 2], [2, 1, 0], [1, 2, 1], [1, 1, 0], [3, 2, 1], [1, 0, 1], [1, 1, 2], [2, 0, 1], [1, 2, 1], [1, 1, 0], [2, 1, 2], [1, 0, 1], [1, 1, 2], [3, 1, 0], [1, 2, 1], [1, 1, 0], [2, 2, 1], [1, 0, 1], [1, 1, 2], [2, 1, 0], [1, 2, 1], [1, 1, 0], [6, 1, 2], [1, 0, 1], [1, 1, 2], [2, 0, 1], [1, 2, 1], [1, 1, 0], [2, 1, 2], [1, 0, 1], [1, 1, 2], [3, 0, 1], [1, 2, 1], [1, 1, 0], [2, 2, 1], [1, 0, 1], [1, 1, 2], [2, 1, 0], [1, 2, 1], [1, 1, 0], [3, 1, 2], [1, 0, 1], [1, 1, 2], [2, 0, 1], [1, 2, 1], [1, 1, 0], [2, 1, 2], [1, 0, 1], [1, 1, 2], [4, 0, 1], [1, 2, 1], [1, 1, 0], [2, 2, 1], [1, 0, 1], [1, 1, 2], [2, 1, 0], [1, 2, 1], [1, 1, 0], [3, 2, 1], [1, 0, 1], [1, 1, 2], [2, 0, 1], [1, 2, 1], [1, 1, 0], [2, 1, 2], [1, 0, 1], [1, 1, 2], [3, 1, 0], [1, 2, 1], [1, 1, 0], [2, 2, 1], [1, 0, 1], [1, 1, 2], [2, 1, 0], [1, 2, 1], [1, 1, 0], [4, 1, 2], [1, 0, 1], [1, 1, 2], [2, 0, 1], [1, 2, 1], [1, 1, 0], [2, 1, 2], [1, 0, 1], [1, 1, 2], [3, 0, 1], [1, 2, 1], [1, 1, 0], [2, 2, 1], [1, 0, 1], [1, 1, 2], [2, 1, 0], [1, 2, 1], [1, 1, 0], [3, 1, 2], [1, 0, 1], [1, 1, 2], [2, 0, 1], [1, 2, 1], [1, 1, 0], [2, 1, 2], [1, 0, 1], [1, 1, 2], [5, 0, 1], [1, 2, 1], [1, 1, 0], [2, 2, 1], [1, 0, 1], [1, 1, 2], [2, 1, 0], [1, 2, 1], [1, 1, 0], [3, 2, 1], [1, 0, 1], [1, 1, 2], [2, 0, 1], [1, 2, 1], [1, 1, 0], [2, 1, 2], [1, 0, 1], [1, 1, 2], [3, 1, 0], [1, 2, 1], [1, 1, 0], [2, 2, 1], [1, 0, 1], [1, 1, 2], [2, 1, 0], [1, 2, 1], [1, 1, 0], [4, 2, 1], [1, 0, 1], [1, 1, 2], [2, 0, 1], [1, 2, 1], [1, 1, 0], [2, 1, 2], [1, 0, 1], [1, 1, 2], [3, 0, 1], [1, 2, 1], [1, 1, 0], [2, 2, 1], [1, 0, 1], [1, 1, 2], [2, 1, 0], [1, 2, 1], [1, 1, 0], [3, 1, 2], [1, 0, 1], [1, 1, 2], [2, 0, 1], [1, 2, 1], [1, 1, 0], [2, 1, 2], [1, 0, 1], [1, 1, 2], [4, 1, 0], [1, 2, 1], [1, 1, 0], [2, 2, 1], [1, 0, 1], [1, 1, 2], [2, 1, 0], [1, 2, 1], [1, 1, 0], [3, 2, 1], [1, 0, 1], [1, 1, 2], [2, 0, 1], [1, 2, 1], [1, 1, 0], [2, 1, 2], [1, 0, 1], [1, 1, 2], [3, 1, 0], [1, 2, 1], [1, 1, 0], [2, 2, 1], [1, 0, 1], [1, 1, 2], [2, 1, 0], [1, 2, 1], [1, 1, 0], [5, 1, 2], [1, 0, 1], [1, 1, 2], [2, 0, 1], [1, 2, 1], [1, 1, 0], [2, 1, 2], [1, 0, 1], [1, 1, 2], [3, 0, 1], [1, 2, 1], [1, 1, 0], [2, 2, 1], [1, 0, 1], [1, 1, 2], [2, 1, 0], [1, 2, 1], [1, 1, 0], [3, 1, 2], [1, 0, 1], [1, 1, 2], [2, 0, 1], [1, 2, 1], [1, 1, 0], [2, 1, 2], [1, 0, 1], [1, 1, 2], [4, 0, 1], [1, 2, 1], [1, 1, 0], [2, 2, 1], [1, 0, 1], [1, 1, 2], [2, 1, 0], [1, 2, 1], [1, 1, 0], [3, 2, 1], [1, 0, 1], [1, 1, 2], [2, 0, 1], [1, 2, 1], [1, 1, 0], [2, 1, 2], [1, 0, 1], [1, 1, 2], [3, 1, 0], [1, 2, 1], [1, 1, 0], [2, 2, 1], [1, 0, 1], [1, 1, 2], [2, 1, 0], [1, 2, 1], [1, 1, 0], [4, 1, 2], [1, 0, 1], [1, 1, 2], [2, 0, 1], [1, 2, 1], [1, 1, 0], [2, 1, 2], [1, 0, 1], [1, 1, 2], [3, 0, 1], [1, 2, 1], [1, 1, 0], [2, 2, 1], [1, 0, 1], [1, 1, 2], [2, 1, 0], [1, 2, 1], [1, 1, 0], [3, 1, 2], [1, 0, 1], [1, 1, 2], [2, 0, 1], [1, 2, 1], [1, 1, 0], [2, 1, 2], [1, 0, 1], [1, 1, 2], [7, 0, 1], [1, 2, 1], [1, 1, 0], [2, 2, 1], [1, 0, 1], [1, 1, 2], [2, 1, 0], [1, 2, 1], [1, 1, 0], [3, 2, 1], [1, 0, 1], [1, 1, 2], [2, 0, 1], [1, 2, 1], [1, 1, 0], [2, 1, 2], [1, 0, 1], [1, 1, 2], [3, 1, 0], [1, 2, 1], [1, 1, 0], [2, 2, 1], [1, 0, 1], [1, 1, 2], [2, 1, 0], [1, 2, 1], [1, 1, 0], [4, 2, 1], [1, 0, 1], [1, 1, 2], [2, 0, 1], [1, 2, 1], [1, 1, 0], [2, 1, 2], [1, 0, 1], [1, 1, 2], [3, 0, 1], [1, 2, 1], [1, 1, 0], [2, 2, 1], [1, 0, 1], [1, 1, 2], [2, 1, 0], [1, 2, 1], [1, 1, 0], [3, 1, 2], [1, 0, 1], [1, 1, 2], [2, 0, 1], [1, 2, 1], [1, 1, 0], [2, 1, 2], [1, 0, 1], [1, 1, 2], [4, 1, 0], [1, 2, 1], [1, 1, 0], [2, 2, 1], [1, 0, 1], [1, 1, 2], [2, 1, 0], [1, 2, 1], [1, 1, 0], [3, 2, 1], [1, 0, 1], [1, 1, 2], [2, 0, 1], [1, 2, 1], [1, 1, 0], [2, 1, 2], [1, 0, 1], [1, 1, 2], [3, 1, 0], [1, 2, 1], [1, 1, 0], [2, 2, 1], [1, 0, 1], [1, 1, 2], [2, 1, 0], [1, 2, 1], [1, 1, 0], [5, 2, 1], [1, 0, 1], [1, 1, 2], [2, 0, 1], [1, 2, 1], [1, 1, 0], [2, 1, 2], [1, 0, 1], [1, 1, 2], [3, 0, 1], [1, 2, 1], [1, 1, 0], [2, 2, 1], [1, 0, 1], [1, 1, 2], [2, 1, 0], [1, 2, 1], [1, 1, 0], [3, 1, 2], [1, 0, 1], [1, 1, 2], [2, 0, 1], [1, 2, 1], [1, 1, 0], [2, 1, 2], [1, 0, 1], [1, 1, 2], [4, 0, 1], [1, 2, 1], [1, 1, 0], [2, 2, 1], [1, 0, 1], [1, 1, 2], [2, 1, 0], [1, 2, 1], [1, 1, 0], [3, 2, 1], [1, 0, 1], [1, 1, 2], [2, 0, 1], [1, 2, 1], [1, 1, 0], [2, 1, 2], [1, 0, 1], [1, 1, 2], [3, 1, 0], [1, 2, 1], [1, 1, 0], [2, 2, 1], [1, 0, 1], [1, 1, 2], [2, 1, 0], [1, 2, 1], [1, 1, 0], [4, 1, 2], [1, 0, 1], [1, 1, 2], [2, 0, 1], [1, 2, 1], [1, 1, 0], [2, 1, 2], [1, 0, 1], [1, 1, 2], [3, 0, 1], [1, 2, 1], [1, 1, 0], [2, 2, 1], [1, 0, 1], [1, 1, 2], [2, 1, 0], [1, 2, 1], [1, 1, 0], [3, 1, 2], [1, 0, 1], [1, 1, 2], [2, 0, 1], [1, 2, 1], [1, 1, 0], [2, 1, 2], [1, 0, 1], [1, 1, 2], [5, 1, 0], [1, 2, 1], [1, 1, 0], [2, 2, 1], [1, 0, 1], [1, 1, 2], [2, 1, 0], [1, 2, 1], [1, 1, 0], [3, 2, 1], [1, 0, 1], [1, 1, 2], [2, 0, 1], [1, 2, 1], [1, 1, 0], [2, 1, 2], [1, 0, 1], [1, 1, 2], [3, 1, 0], [1, 2, 1], [1, 1, 0], [2, 2, 1], [1, 0, 1], [1, 1, 2], [2, 1, 0], [1, 2, 1], [1, 1, 0], [4, 2, 1], [1, 0, 1], [1, 1, 2], [2, 0, 1], [1, 2, 1], [1, 1, 0], [2, 1, 2], [1, 0, 1], [1, 1, 2], [3, 0, 1], [1, 2, 1], [1, 1, 0], [2, 2, 1], [1, 0, 1], [1, 1, 2], [2, 1, 0], [1, 2, 1], [1, 1, 0], [3, 1, 2], [1, 0, 1], [1, 1, 2], [2, 0, 1], [1, 2, 1], [1, 1, 0], [2, 1, 2], [1, 0, 1], [1, 1, 2], [4, 1, 0], [1, 2, 1], [1, 1, 0], [2, 2, 1], [1, 0, 1], [1, 1, 2], [2, 1, 0], [1, 2, 1], [1, 1, 0], [3, 2, 1], [1, 0, 1], [1, 1, 2], [2, 0, 1], [1, 2, 1], [1, 1, 0], [2, 1, 2], [1, 0, 1], [1, 1, 2], [3, 1, 0], [1, 2, 1], [1, 1, 0], [2, 2, 1], [1, 0, 1], [1, 1, 2], [2, 1, 0], [1, 2, 1], [1, 1, 0], [6, 2, 1], [1, 0, 1], [1, 1, 2], [2, 0, 1], [1, 2, 1], [1, 1, 0], [2, 1, 2], [1, 0, 1], [1, 1, 2], [3, 0, 1], [1, 2, 1], [1, 1, 0], [2, 2, 1], [1, 0, 1], [1, 1, 2], [2, 1, 0], [1, 2, 1], [1, 1, 0], [3, 1, 2], [1, 0, 1], [1, 1, 2], [2, 0, 1], [1, 2, 1], [1, 1, 0], [2, 1, 2], [1, 0, 1], [1, 1, 2], [4, 0, 1], [1, 2, 1], [1, 1, 0], [2, 2, 1], [1, 0, 1], [1, 1, 2], [2, 1, 0], [1, 2, 1], [1, 1, 0], [3, 2, 1], [1, 0, 1], [1, 1, 2], [2, 0, 1], [1, 2, 1], [1, 1, 0], [2, 1, 2], [1, 0, 1], [1, 1, 2], [3, 1, 0], [1, 2, 1], [1, 1, 0], [2, 2, 1], [1, 0, 1], [1, 1, 2], [2, 1, 0], [1, 2, 1], [1, 1, 0], [4, 1, 2], [1, 0, 1], [1, 1, 2], [2, 0, 1], [1, 2, 1], [1, 1, 0], [2, 1, 2], [1, 0, 1], [1, 1, 2], [3, 0, 1], [1, 2, 1], [1, 1, 0], [2, 2, 1], [1, 0, 1], [1, 1, 2], [2, 1, 0], [1, 2, 1], [1, 1, 0], [3, 1, 2], [1, 0, 1], [1, 1, 2], [2, 0, 1], [1, 2, 1], [1, 1, 0], [2, 1, 2], [1, 0, 1], [1, 1, 2], [5, 0, 1], [1, 2, 1], [1, 1, 0], [2, 2, 1], [1, 0, 1], [1, 1, 2], [2, 1, 0], [1, 2, 1], [1, 1, 0], [3, 2, 1], [1, 0, 1], [1, 1, 2], [2, 0, 1], [1, 2, 1], [1, 1, 0], [2, 1, 2], [1, 0, 1], [1, 1, 2], [3, 1, 0], [1, 2, 1], [1, 1, 0], [2, 2, 1], [1, 0, 1], [1, 1, 2], [2, 1, 0], [1, 2, 1], [1, 1, 0], [4, 2, 1], [1, 0, 1], [1, 1, 2], [2, 0, 1], [1, 2, 1], [1, 1, 0], [2, 1, 2], [1, 0, 1], [1, 1, 2], [3, 0, 1], [1, 2, 1], [1, 1, 0], [2, 2, 1], [1, 0, 1], [1, 1, 2], [2, 1, 0], [1, 2, 1], [1, 1, 0], [3, 1, 2], [1, 0, 1], [1, 1, 2], [2, 0, 1], [1, 2, 1], [1, 1, 0], [2, 1, 2], [1, 0, 1], [1, 1, 2], [4, 1, 0], [1, 2, 1], [1, 1, 0], [2, 2, 1], [1, 0, 1], [1, 1, 2], [2, 1, 0], [1, 2, 1], [1, 1, 0], [3, 2, 1], [1, 0, 1], [1, 1, 2], [2, 0, 1], [1, 2, 1], [1, 1, 0], [2, 1, 2], [1, 0, 1], [1, 1, 2], [3, 1, 0], [1, 2, 1], [1, 1, 0], [2, 2, 1], [1, 0, 1], [1, 1, 2], [2, 1, 0], [1, 2, 1], [1, 1, 0], [5, 1, 2], [1, 0, 1], [1, 1, 2], [2, 0, 1], [1, 2, 1], [1, 1, 0], [2, 1, 2], [1, 0, 1], [1, 1, 2], [3, 0, 1], [1, 2, 1], [1, 1, 0], [2, 2, 1], [1, 0, 1], [1, 1, 2], [2, 1, 0], [1, 2, 1], [1, 1, 0], [3, 1, 2], [1, 0, 1], [1, 1, 2], [2, 0, 1], [1, 2, 1], [1, 1, 0], [2, 1, 2], [1, 0, 1], [1, 1, 2], [4, 0, 1], [1, 2, 1], [1, 1, 0], [2, 2, 1], [1, 0, 1], [1, 1, 2], [2, 1, 0], [1, 2, 1], [1, 1, 0], [3, 2, 1], [1, 0, 1], [1, 1, 2], [2, 0, 1], [1, 2, 1], [1, 1, 0], [2, 1, 2], [1, 0, 1], [1, 1, 2], [3, 1, 0], [1, 2, 1], [1, 1, 0], [2, 2, 1], [1, 0, 1], [1, 1, 2], [2, 1, 0], [1, 2, 1], [1, 1, 0], [4, 1, 2], [1, 0, 1], [1, 1, 2], [2, 0, 1], [1, 2, 1], [1, 1, 0], [2, 1, 2], [1, 0, 1], [1, 1, 2], [3, 0, 1], [1, 2, 1], [1, 1, 0], [2, 2, 1], [1, 0, 1], [1, 1, 2], [2, 1, 0], [1, 2, 1], [1, 1, 0], [3, 1, 2], [1, 0, 1], [1, 1, 2], [2, 0, 1], [1, 2, 1], [1, 1, 0], [2, 1, 2], [1, 0, 1], [1, 1, 2], [6, 1, 0], [1, 2, 1], [1, 1, 0], [2, 2, 1], [1, 0, 1], [1, 1, 2], [2, 1, 0], [1, 2, 1], [1, 1, 0], [3, 2, 1], [1, 0, 1], [1, 1, 2], [2, 0, 1], [1, 2, 1], [1, 1, 0], [2, 1, 2], [1, 0, 1], [1, 1, 2], [3, 1, 0], [1, 2, 1], [1, 1, 0], [2, 2, 1], [1, 0, 1], [1, 1, 2], [2, 1, 0], [1, 2, 1], [1, 1, 0], [4, 2, 1], [1, 0, 1], [1, 1, 2], [2, 0, 1], [1, 2, 1], [1, 1, 0], [2, 1, 2], [1, 0, 1], [1, 1, 2], [3, 0, 1], [1, 2, 1], [1, 1, 0], [2, 2, 1], [1, 0, 1], [1, 1, 2], [2, 1, 0], [1, 2, 1], [1, 1, 0], [3, 1, 2], [1, 0, 1], [1, 1, 2], [2, 0, 1], [1, 2, 1], [1, 1, 0], [2, 1, 2], [1, 0, 1], [1, 1, 2], [4, 1, 0], [1, 2, 1], [1, 1, 0], [2, 2, 1], [1, 0, 1], [1, 1, 2], [2, 1, 0], [1, 2, 1], [1, 1, 0], [3, 2, 1], [1, 0, 1], [1, 1, 2], [2, 0, 1], [1, 2, 1], [1, 1, 0], [2, 1, 2], [1, 0, 1], [1, 1, 2], [3, 1, 0], [1, 2, 1], [1, 1, 0], [2, 2, 1], [1, 0, 1], [1, 1, 2], [2, 1, 0], [1, 2, 1], [1, 1, 0], [5, 2, 1], [1, 0, 1], [1, 1, 2], [2, 0, 1], [1, 2, 1], [1, 1, 0], [2, 1, 2], [1, 0, 1], [1, 1, 2], [3, 0, 1], [1, 2, 1], [1, 1, 0], [2, 2, 1], [1, 0, 1], [1, 1, 2], [2, 1, 0], [1, 2, 1], [1, 1, 0], [3, 1, 2], [1, 0, 1], [1, 1, 2], [2, 0, 1], [1, 2, 1], [1, 1, 0], [2, 1, 2], [1, 0, 1], [1, 1, 2], [4, 0, 1], [1, 2, 1], [1, 1, 0], [2, 2, 1], [1, 0, 1], [1, 1, 2], [2, 1, 0], [1, 2, 1], [1, 1, 0], [3, 2, 1], [1, 0, 1], [1, 1, 2], [2, 0, 1], [1, 2, 1], [1, 1, 0], [2, 1, 2], [1, 0, 1], [1, 1, 2], [3, 1, 0], [1, 2, 1], [1, 1, 0], [2, 2, 1], [1, 0, 1], [1, 1, 2], [2, 1, 0], [1, 2, 1], [1, 1, 0], [4, 1, 2], [1, 0, 1], [1, 1, 2], [2, 0, 1], [1, 2, 1], [1, 1, 0], [2, 1, 2], [1, 0, 1], [1, 1, 2], [3, 0, 1], [1, 2, 1], [1, 1, 0], [2, 2, 1], [1, 0, 1], [1, 1, 2], [2, 1, 0], [1, 2, 1], [1, 1, 0], [3, 1, 2], [1, 0, 1], [1, 1, 2], [2, 0, 1], [1, 2, 1], [1, 1, 0], [2, 1, 2], [1, 0, 1], [1, 1, 2], [5, 1, 0], [1, 2, 1], [1, 1, 0], [2, 2, 1], [1, 0, 1], [1, 1, 2], [2, 1, 0], [1, 2, 1], [1, 1, 0], [3, 2, 1], [1, 0, 1], [1, 1, 2], [2, 0, 1], [1, 2, 1], [1, 1, 0], [2, 1, 2], [1, 0, 1], [1, 1, 2], [3, 1, 0], [1, 2, 1], [1, 1, 0], [2, 2, 1], [1, 0, 1], [1, 1, 2], [2, 1, 0], [1, 2, 1], [1, 1, 0], [4, 2, 1], [1, 0, 1], [1, 1, 2], [2, 0, 1], [1, 2, 1], [1, 1, 0], [2, 1, 2], [1, 0, 1], [1, 1, 2], [3, 0, 1], [1, 2, 1], [1, 1, 0], [2, 2, 1], [1, 0, 1], [1, 1, 2], [2, 1, 0], [1, 2, 1], [1, 1, 0], [3, 1, 2], [1, 0, 1], [1, 1, 2], [2, 0, 1], [1, 2, 1], [1, 1, 0], [2, 1, 2], [1, 0, 1], [1, 1, 2], [4, 1, 0], [1, 2, 1], [1, 1, 0], [2, 2, 1], [1, 0, 1], [1, 1, 2], [2, 1, 0], [1, 2, 1], [1, 1, 0], [3, 2, 1], [1, 0, 1], [1, 1, 2], [2, 0, 1], [1, 2, 1], [1, 1, 0], [2, 1, 2], [1, 0, 1], [1, 1, 2], [3, 1, 0], [1, 2, 1], [1, 1, 0], [2, 2, 1], [1, 0, 1], [1, 1, 2], [2, 1, 0], [1, 2, 1], [1, 1, 0], [7, 1, 2], [1, 0, 1], [1, 1, 2], [2, 0, 1], [1, 2, 1], [1, 1, 0], [2, 1, 2], [1, 0, 1], [1, 1, 2], [3, 0, 1], [1, 2, 1], [1, 1, 0], [2, 2, 1], [1, 0, 1], [1, 1, 2], [2, 1, 0], [1, 2, 1], [1, 1, 0], [3, 1, 2], [1, 0, 1], [1, 1, 2], [2, 0, 1], [1, 2, 1], [1, 1, 0], [2, 1, 2], [1, 0, 1], [1, 1, 2], [4, 0, 1], [1, 2, 1], [1, 1, 0], [2, 2, 1], [1, 0, 1], [1, 1, 2], [2, 1, 0], [1, 2, 1], [1, 1, 0], [3, 2, 1], [1, 0, 1], [1, 1, 2], [2, 0, 1], [1, 2, 1], [1, 1, 0], [2, 1, 2], [1, 0, 1], [1, 1, 2], [3, 1, 0], [1, 2, 1], [1, 1, 0], [2, 2, 1], [1, 0, 1], [1, 1, 2], [2, 1, 0], [1, 2, 1], [1, 1, 0], [4, 1, 2], [1, 0, 1], [1, 1, 2], [2, 0, 1], [1, 2, 1], [1, 1, 0], [2, 1, 2], [1, 0, 1], [1, 1, 2], [3, 0, 1], [1, 2, 1], [1, 1, 0], [2, 2, 1], [1, 0, 1], [1, 1, 2], [2, 1, 0], [1, 2, 1], [1, 1, 0], [3, 1, 2], [1, 0, 1], [1, 1, 2], [2, 0, 1], [1, 2, 1], [1, 1, 0], [2, 1, 2], [1, 0, 1], [1, 1, 2], [5, 0, 1], [1, 2, 1], [1, 1, 0], [2, 2, 1], [1, 0, 1], [1, 1, 2], [2, 1, 0], [1, 2, 1], [1, 1, 0], [3, 2, 1], [1, 0, 1], [1, 1, 2], [2, 0, 1], [1, 2, 1], [1, 1, 0], [2, 1, 2], [1, 0, 1], [1, 1, 2], [3, 1, 0], [1, 2, 1], [1, 1, 0], [2, 2, 1], [1, 0, 1], [1, 1, 2], [2, 1, 0], [1, 2, 1], [1, 1, 0], [4, 2, 1], [1, 0, 1], [1, 1, 2], [2, 0, 1], [1, 2, 1], [1, 1, 0], [2, 1, 2], [1, 0, 1], [1, 1, 2], [3, 0, 1], [1, 2, 1], [1, 1, 0], [2, 2, 1], [1, 0, 1], [1, 1, 2], [2, 1, 0], [1, 2, 1], [1, 1, 0], [3, 1, 2], [1, 0, 1], [1, 1, 2], [2, 0, 1], [1, 2, 1], [1, 1, 0], [2, 1, 2], [1, 0, 1], [1, 1, 2], [4, 1, 0], [1, 2, 1], [1, 1, 0], [2, 2, 1], [1, 0, 1], [1, 1, 2], [2, 1, 0], [1, 2, 1], [1, 1, 0], [3, 2, 1], [1, 0, 1], [1, 1, 2], [2, 0, 1], [1, 2, 1], [1, 1, 0], [2, 1, 2], [1, 0, 1], [1, 1, 2], [3, 1, 0], [1, 2, 1], [1, 1, 0], [2, 2, 1], [1, 0, 1], [1, 1, 2], [2, 1, 0], [1, 2, 1], [1, 1, 0], [5, 1, 2], [1, 0, 1], [1, 1, 2], [2, 0, 1], [1, 2, 1], [1, 1, 0], [2, 1, 2], [1, 0, 1], [1, 1, 2], [3, 0, 1], [1, 2, 1], [1, 1, 0], [2, 2, 1], [1, 0, 1], [1, 1, 2], [2, 1, 0], [1, 2, 1], [1, 1, 0], [3, 1, 2], [1, 0, 1], [1, 1, 2], [2, 0, 1], [1, 2, 1], [1, 1, 0], [2, 1, 2], [1, 0, 1], [1, 1, 2], [4, 0, 1], [1, 2, 1], [1, 1, 0], [2, 2, 1], [1, 0, 1], [1, 1, 2], [2, 1, 0], [1, 2, 1], [1, 1, 0], [3, 2, 1], [1, 0, 1], [1, 1, 2], [2, 0, 1], [1, 2, 1], [1, 1, 0], [2, 1, 2], [1, 0, 1], [1, 1, 2], [3, 1, 0], [1, 2, 1], [1, 1, 0], [2, 2, 1], [1, 0, 1], [1, 1, 2], [2, 1, 0], [1, 2, 1], [1, 1, 0], [4, 1, 2], [1, 0, 1], [1, 1, 2], [2, 0, 1], [1, 2, 1], [1, 1, 0], [2, 1, 2], [1, 0, 1], [1, 1, 2], [3, 0, 1], [1, 2, 1], [1, 1, 0], [2, 2, 1], [1, 0, 1], [1, 1, 2], [2, 1, 0], [1, 2, 1], [1, 1, 0], [3, 1, 2], [1, 0, 1], [1, 1, 2], [2, 0, 1], [1, 2, 1], [1, 1, 0], [2, 1, 2], [1, 0, 1], [1, 1, 2], [6, 0, 1], [1, 2, 1], [1, 1, 0], [2, 2, 1], [1, 0, 1], [1, 1, 2], [2, 1, 0], [1, 2, 1], [1, 1, 0], [3, 2, 1], [1, 0, 1], [1, 1, 2], [2, 0, 1], [1, 2, 1], [1, 1, 0], [2, 1, 2], [1, 0, 1], [1, 1, 2], [3, 1, 0], [1, 2, 1], [1, 1, 0], [2, 2, 1], [1, 0, 1], [1, 1, 2], [2, 1, 0], [1, 2, 1], [1, 1, 0], [4, 2, 1], [1, 0, 1], [1, 1, 2], [2, 0, 1], [1, 2, 1], [1, 1, 0], [2, 1, 2], [1, 0, 1], [1, 1, 2], [3, 0, 1], [1, 2, 1], [1, 1, 0], [2, 2, 1], [1, 0, 1], [1, 1, 2], [2, 1, 0], [1, 2, 1], [1, 1, 0], [3, 1, 2], [1, 0, 1], [1, 1, 2], [2, 0, 1], [1, 2, 1], [1, 1, 0], [2, 1, 2], [1, 0, 1], [1, 1, 2], [4, 1, 0], [1, 2, 1], [1, 1, 0], [2, 2, 1], [1, 0, 1], [1, 1, 2], [2, 1, 0], [1, 2, 1], [1, 1, 0], [3, 2, 1], [1, 0, 1], [1, 1, 2], [2, 0, 1], [1, 2, 1], [1, 1, 0], [2, 1, 2], [1, 0, 1], [1, 1, 2], [3, 1, 0], [1, 2, 1], [1, 1, 0], [2, 2, 1], [1, 0, 1], [1, 1, 2], [2, 1, 0], [1, 2, 1], [1, 1, 0], [5, 2, 1], [1, 0, 1], [1, 1, 2], [2, 0, 1], [1, 2, 1], [1, 1, 0], [2, 1, 2], [1, 0, 1], [1, 1, 2], [3, 0, 1], [1, 2, 1], [1, 1, 0], [2, 2, 1], [1, 0, 1], [1, 1, 2], [2, 1, 0], [1, 2, 1], [1, 1, 0], [3, 1, 2], [1, 0, 1], [1, 1, 2], [2, 0, 1], [1, 2, 1], [1, 1, 0], [2, 1, 2], [1, 0, 1], [1, 1, 2], [4, 0, 1], [1, 2, 1], [1, 1, 0], [2, 2, 1], [1, 0, 1], [1, 1, 2], [2, 1, 0], [1, 2, 1], [1, 1, 0], [3, 2, 1], [1, 0, 1], [1, 1, 2], [2, 0, 1], [1, 2, 1], [1, 1, 0], [2, 1, 2], [1, 0, 1], [1, 1, 2], [3, 1, 0], [1, 2, 1], [1, 1, 0], [2, 2, 1], [1, 0, 1], [1, 1, 2], [2, 1, 0], [1, 2, 1], [1, 1, 0], [4, 1, 2], [1, 0, 1], [1, 1, 2], [2, 0, 1], [1, 2, 1], [1, 1, 0], [2, 1, 2], [1, 0, 1], [1, 1, 2], [3, 0, 1], [1, 2, 1], [1, 1, 0], [2, 2, 1], [1, 0, 1], [1, 1, 2], [2, 1, 0], [1, 2, 1], [1, 1, 0], [3, 1, 2], [1, 0, 1], [1, 1, 2], [2, 0, 1], [1, 2, 1], [1, 1, 0], [2, 1, 2], [1, 0, 1], [1, 1, 2], [5, 1, 0], [1, 2, 1], [1, 1, 0], [2, 2, 1], [1, 0, 1], [1, 1, 2], [2, 1, 0], [1, 2, 1], [1, 1, 0], [3, 2, 1], [1, 0, 1], [1, 1, 2], [2, 0, 1], [1, 2, 1], [1, 1, 0], [2, 1, 2], [1, 0, 1], [1, 1, 2], [3, 1, 0], [1, 2, 1], [1, 1, 0], [2, 2, 1], [1, 0, 1], [1, 1, 2], [2, 1, 0], [1, 2, 1], [1, 1, 0], [4, 2, 1], [1, 0, 1], [1, 1, 2], [2, 0, 1], [1, 2, 1], [1, 1, 0], [2, 1, 2], [1, 0, 1], [1, 1, 2], [3, 0, 1], [1, 2, 1], [1, 1, 0], [2, 2, 1], [1, 0, 1], [1, 1, 2], [2, 1, 0], [1, 2, 1], [1, 1, 0], [3, 1, 2], [1, 0, 1], [1, 1, 2], [2, 0, 1], [1, 2, 1], [1, 1, 0], [2, 1, 2], [1, 0, 1], [1, 1, 2], [4, 1, 0], [1, 2, 1], [1, 1, 0], [2, 2, 1], [1, 0, 1], [1, 1, 2], [2, 1, 0], [1, 2, 1], [1, 1, 0], [3, 2, 1], [1, 0, 1], [1, 1, 2], [2, 0, 1], [1, 2, 1], [1, 1, 0], [2, 1, 2], [1, 0, 1], [1, 1, 2], [3, 1, 0], [1, 2, 1], [1, 1, 0], [2, 2, 1], [1, 0, 1], [1, 1, 2], [2, 1, 0], [1, 2, 1], [1, 1, 0], [6, 1, 2], [1, 0, 1], [1, 1, 2], [2, 0, 1], [1, 2, 1], [1, 1, 0], [2, 1, 2], [1, 0, 1], [1, 1, 2], [3, 0, 1], [1, 2, 1], [1, 1, 0], [2, 2, 1], [1, 0, 1], [1, 1, 2], [2, 1, 0], [1, 2, 1], [1, 1, 0], [3, 1, 2], [1, 0, 1], [1, 1, 2], [2, 0, 1], [1, 2, 1], [1, 1, 0], [2, 1, 2], [1, 0, 1], [1, 1, 2], [4, 0, 1], [1, 2, 1], [1, 1, 0], [2, 2, 1], [1, 0, 1], [1, 1, 2], [2, 1, 0], [1, 2, 1], [1, 1, 0], [3, 2, 1], [1, 0, 1], [1, 1, 2], [2, 0, 1], [1, 2, 1], [1, 1, 0], [2, 1, 2], [1, 0, 1], [1, 1, 2], [3, 1, 0], [1, 2, 1], [1, 1, 0], [2, 2, 1], [1, 0, 1], [1, 1, 2], [2, 1, 0], [1, 2, 1], [1, 1, 0], [4, 1, 2], [1, 0, 1], [1, 1, 2], [2, 0, 1], [1, 2, 1], [1, 1, 0], [2, 1, 2], [1, 0, 1], [1, 1, 2], [3, 0, 1], [1, 2, 1], [1, 1, 0], [2, 2, 1], [1, 0, 1], [1, 1, 2], [2, 1, 0], [1, 2, 1], [1, 1, 0], [3, 1, 2], [1, 0, 1], [1, 1, 2], [2, 0, 1], [1, 2, 1], [1, 1, 0], [2, 1, 2], [1, 0, 1], [1, 1, 2], [5, 0, 1], [1, 2, 1], [1, 1, 0], [2, 2, 1], [1, 0, 1], [1, 1, 2], [2, 1, 0], [1, 2, 1], [1, 1, 0], [3, 2, 1], [1, 0, 1], [1, 1, 2], [2, 0, 1], [1, 2, 1], [1, 1, 0], [2, 1, 2], [1, 0, 1], [1, 1, 2], [3, 1, 0], [1, 2, 1], [1, 1, 0], [2, 2, 1], [1, 0, 1], [1, 1, 2], [2, 1, 0], [1, 2, 1], [1, 1, 0], [4, 2, 1], [1, 0, 1], [1, 1, 2], [2, 0, 1], [1, 2, 1], [1, 1, 0], [2, 1, 2], [1, 0, 1], [1, 1, 2], [3, 0, 1], [1, 2, 1], [1, 1, 0], [2, 2, 1], [1, 0, 1], [1, 1, 2], [2, 1, 0], [1, 2, 1], [1, 1, 0], [3, 1, 2], [1, 0, 1], [1, 1, 2], [2, 0, 1], [1, 2, 1], [1, 1, 0], [2, 1, 2], [1, 0, 1], [1, 1, 2], [4, 1, 0], [1, 2, 1], [1, 1, 0], [2, 2, 1], [1, 0, 1], [1, 1, 2], [2, 1, 0], [1, 2, 1], [1, 1, 0], [3, 2, 1], [1, 0, 1], [1, 1, 2], [2, 0, 1], [1, 2, 1], [1, 1, 0], [2, 1, 2], [1, 0, 1], [1, 1, 2], [3, 1, 0], [1, 2, 1], [1, 1, 0], [2, 2, 1], [1, 0, 1], [1, 1, 2], [2, 1, 0], [1, 2, 1], [1, 1, 0], [5, 1, 2], [1, 0, 1], [1, 1, 2], [2, 0, 1], [1, 2, 1], [1, 1, 0], [2, 1, 2], [1, 0, 1], [1, 1, 2], [3, 0, 1], [1, 2, 1], [1, 1, 0], [2, 2, 1], [1, 0, 1], [1, 1, 2], [2, 1, 0], [1, 2, 1], [1, 1, 0], [3, 1, 2], [1, 0, 1], [1, 1, 2], [2, 0, 1], [1, 2, 1], [1, 1, 0], [2, 1, 2], [1, 0, 1], [1, 1, 2], [4, 0, 1], [1, 2, 1], [1, 1, 0], [2, 2, 1], [1, 0, 1], [1, 1, 2], [2, 1, 0], [1, 2, 1], [1, 1, 0], [3, 2, 1], [1, 0, 1], [1, 1, 2], [2, 0, 1], [1, 2, 1], [1, 1, 0], [2, 1, 2], [1, 0, 1], [1, 1, 2], [3, 1, 0], [1, 2, 1], [1, 1, 0], [2, 2, 1], [1, 0, 1], [1, 1, 2], [2, 1, 0], [1, 2, 1], [1, 1, 0], [4, 1, 2], [1, 0, 1], [1, 1, 2], [2, 0, 1], [1, 2, 1], [1, 1, 0], [2, 1, 2], [1, 0, 1], [1, 1, 2], [3, 0, 1], [1, 2, 1], [1, 1, 0], [2, 2, 1], [1, 0, 1], [1, 1, 2], [2, 1, 0], [1, 2, 1], [1, 1, 0], [3, 1, 2], [1, 0, 1], [1, 1, 2], [2, 0, 1], [1, 2, 1], [1, 1, 0], [2, 1, 2], [1, 0, 1], [1, 1, 2]]",2186
checker_baseline_n2,checker_jumping,baseline,2,"{""n_red"": 2, ""n_blue"": 2, ""n_empty"": 1, ""jump_distance"": 1}","[""R"", ""R"", ""_"", ""B"", ""B""]","[""B"", ""B"", ""_"", ""R"", ""R""]","[[""R"", 1, 2], [""B"", 3, 1], [""B"", 4, 3], [""R"", 2, 4], [""R"", 0, 2], [""B"", 1, 0], [""B"", 3, 1], [""R"", 2, 3]]",8
checker_baseline_n3,checker_jumping,baseline,3,"{""n_red"": 3, ""n_blue"": 3, ""n_empty"": 1, ""jump_distance"": 1}","[""R"", ""R"", ""R"", ""_"", ""B"", ""B"", ""B""]","[""B"", ""B"", ""B"", ""_"", ""R"", ""R"", ""R""]","[[""R"", 2, 3], [""B"", 4, 2], [""B"", 5, 4], [""R"", 3, 5], [""R"", 1, 3], [""R"", 0, 1], [""B"", 2, 0], [""B"", 4, 2], [""B"", 6, 4], [""R"", 5, 6], [""R"", 3, 5], [""R"", 1, 3], [""B"", 2, 1], [""B"", 4, 2], [""R"", 3, 4]]",15
checker_baseline_n4,checker_jumping,baseline,4,"{""n_red"": 4, ""n_blue"": 4, ""n_empty"": 1, ""jump_distance"": 1}","[""R"", ""R"", ""R"", ""R"", ""_"", ""B"", ""B"", ""B"", ""B""]","[""B"", ""B"", ""B"", ""B"", ""_"", ""R"", ""R"", ""R"", ""R""]","[[""R"", 3, 4], [""B"", 5, 3], [""B"", 6, 5], [""R"", 4, 6], [""R"", 2, 4], [""R"", 1, 2], [""B"", 3, 1], [""B"", 5, 3], [""B"", 7, 5], [""B"", 8, 7], [""R"", 6, 8], [""R"", 4, 6], [""R"", 2, 4], [""R"", 0, 2], [""B"", 1, 0], [""B"", 3, 1], [""B"", 5, 3], [""B"", 7, 5], [""R"", 6, 7], [""R"", 4, 6], [""R"", 2, 4], [""B"", 3, 2], [""B"", 5, 3], [""R"", 4, 5]]",24
checker_baseline_n5,checker_jumping,baseline,5,"{""n_red"": 5, ""n_blue"": 5, ""n_empty"": 1, ""jump_distance"": 1}","[""R"", ""R"", ""R"", ""R"", ""R"", ""_"", ""B"", ""B"", ""B"", ""B"", ""B""]","[""B"", ""B"", ""B"", ""B"", ""B"", ""_"", ""R"", ""R"", ""R"", ""R"", ""R""]","[[""R"", 4, 5], [""B"", 6, 4], [""B"", 7, 6], [""R"", 5, 7], [""R"", 3, 5], [""R"", 2, 3], [""B"", 4, 2], [""B"", 6, 4], [""B"", 8, 6], [""B"", 9, 8], [""R"", 7, 9], [""R"", 5, 7], [""R"", 3, 5], [""R"", 1, 3], [""R"", 0, 1], [""B"", 2, 0], [""B"", 4, 2], [""B"", 6, 4], [""B"", 8, 6], [""B"", 10, 8], [""R"", 9, 10], [""R"", 7, 9], [""R"", 5, 7], [""R"", 3, 5], [""R"", 1, 3], [""B"", 2, 1], [""B"", 4, 2], [""B"", 6, 4], [""B"", 8, 6], [""R"", 7, 8], [""R"", 5, 7], [""R"", 3, 5], [""B"", 4, 3], [""B"", 6, 4], [""R"", 5, 6]]",35
checker_baseline_n6,checker_jumping,baseline,6,"{""n_red"": 6, ""n_blue"": 6, ""n_empty"": 1, ""jump_distance"": 1}","[""R"", ""R"", ""R"", ""R"", ""R"", ""R"", ""_"", ""B"", ""B"", ""B"", ""B"", ""B"", ""B""]","[""B"", ""B"", ""B"", ""B"", ""B"", ""B"", ""_"", ""R"", ""R"", ""R"", ""R"", ""R"", ""R""]","[[""R"", 5, 6], [""B"", 7, 5], [""B"", 8, 7], [""R"", 6, 8], [""R"", 4, 6], [""R"", 3, 4], [""B"", 5, 3], [""B"", 7, 5], [""B"", 9, 7], [""B"", 10, 9], [""R"", 8, 10], [""R"", 6, 8], [""R"", 4, 6], [""R"", 2, 4], [""R"", 1, 2], [""B"", 3, 1], [""B"", 5, 3], [""B"", 7, 5], [""B"", 9, 7], [""B"", 11, 9], [""B"", 12, 11], [""R"", 10, 12], [""R"", 8, 10], [""R"", 6, 8], [""R"", 4, 6], [""R"", 2, 4], [""R"", 0, 2], [""B"", 1, 0], [""B"", 3, 1], [""B"", 5, 3], [""B"", 7, 5], [""B"", 9, 7], [""B"", 11, 9], [""R"", 10, 11], [""R"", 8, 10], [""R"", 6, 8], [""R"", 4, 6], [""R"", 2, 4], [""B"", 3, 2], [""B"", 5, 3], [""B"", 7, 5], [""B"", 9, 7], [""R"", 8, 9], [""R"", 6, 8], [""R"", 4, 6], [""B"", 5, 4], [""B"", 7, 5], [""R"", 6, 7]]",48
checker_cf1_asymmetric_n2_k1,checker_jumping,cf1_asymmetric,2,"{""n_red"": 2, ""n_blue"": 3, ""k"": 1, ""n_empty"": 1, ""jump_distance"": 1}","[""R"", ""R"", ""_"", ""B"", ""B"", ""B""]","[""B"", ""B"", ""B"", ""_"", ""R"", ""R""]","[[""R"", 1, 2], [""B"", 3, 1], [""B"", 4, 3], [""R"", 2, 4], [""R"", 0, 2], [""B"", 1, 0], [""B"", 3, 1], [""B"", 5, 3], [""R"", 4, 5], [""R"", 2, 4], [""B"", 3, 2]]",11
checker_cf1_asymmetric_n2_k3,checker_jumping,cf1_asymmetric,2,"{""n_red"": 2, ""n_blue"": 5, ""k"": 3, ""n_empty"": 1, ""jump_distance"": 1}","[""R"", ""R"", ""_"", ""B"", ""B"", ""B"", ""B"", ""B""]","[""B"", ""B"", ""B"", ""B"", ""B"", ""_"", ""R"", ""R""]","[[""R"", 1, 2], [""B"", 3, 1], [""B"", 4, 3], [""R"", 2, 4], [""R"", 0, 2], [""B"", 1, 0], [""B"", 3, 1], [""B"", 5, 3], [""B"", 6, 5], [""R"", 4, 6], [""R"", 2, 4], [""B"", 3, 2], [""B"", 5, 3], [""B"", 7, 5], [""R"", 6, 7], [""R"", 4, 6], [""B"", 5, 4]]",17
checker_cf1_asymmetric_n2_k5,checker_jumping,cf1_asymmetric,2,"{""n_red"": 2, ""n_blue"": 7, ""k"": 5, ""n_empty"": 1, ""jump_distance"": 1}","[""R"", ""R"", ""_"", ""B"", ""B"", ""B"", ""B"", ""B"", ""B"", ""B""]","[""B"", ""B"", ""B"", ""B"", ""B"", ""B"", ""B"", ""_"", ""R"", ""R""]","[[""R"", 1, 2], [""B"", 3, 1], [""B"", 4, 3], [""R"", 2, 4], [""R"", 0, 2], [""B"", 1, 0], [""B"", 3, 1], [""B"", 5, 3], [""B"", 6, 5], [""R"", 4, 6], [""R"", 2, 4], [""B"", 3, 2], [""B"", 5, 3], [""B"", 7, 5], [""B"", 8, 7], [""R"", 6, 8], [""R"", 4, 6], [""B"", 5, 4], [""B"", 7, 5], [""B"", 9, 7], [""R"", 8, 9], [""R"", 6, 8], [""B"", 7, 6]]",23
checker_cf1_asymmetric_n3_k1,checker_jumping,cf1_asymmetric,3,"{""n_red"": 3, ""n_blue"": 4, ""k"": 1, ""n_empty"": 1, ""jump_distance"": 1}","[""R"", ""R"", ""R"", ""_"", ""B"", ""B"", ""B"", ""B""]","[""B"", ""B"", ""B"", ""B"", ""_"", ""R"", ""R"", ""R""]","[[""R"", 2, 3], [""B"", 4, 2], [""B"", 5, 4], [""R"", 3, 5], [""R"", 1, 3], [""R"", 0, 1], [""B"", 2, 0], [""B"", 4, 2], [""B"", 6, 4], [""B"", 7, 6], [""R"", 5, 7], [""R"", 3, 5], [""R"", 1, 3], [""B"", 2, 1], [""B"", 4, 2], [""B"", 6, 4], [""R"", 5, 6], [""R"", 3, 5], [""B"", 4, 3]]",19
checker_cf1_asymmetric_n3_k3,checker_jumping,cf1_asymmetric,3,"{""n_red"": 3, ""n_blue"": 6, ""k"": 3, ""n_empty"": 1, ""jump_distance"": 1}","[""R"", ""R"", ""R"", ""_"", ""B"", ""B"", ""B"", ""B"", ""B"", ""B""]","[""B"", ""B"", ""B"", ""B"", ""B"", ""B"", ""_"", ""R"", ""R"", ""R""]","[[""R"", 2, 3], [""B"", 4, 2], [""B"", 5, 4], [""R"", 3, 5], [""R"", 1, 3], [""R"", 0, 1], [""B"", 2, 0], [""B"", 4, 2], [""B"", 6, 4], [""B"", 7, 6], [""R"", 5, 7], [""R"", 3, 5], [""R"", 1, 3], [""B"", 2, 1], [""B"", 4, 2], [""B"", 6, 4], [""B"", 8, 6], [""B"", 9, 8], [""R"", 7, 9], [""R"", 5, 7], [""R"", 3, 5], [""B"", 4, 3], [""B"", 6, 4], [""B"", 8, 6], [""R"", 7, 8], [""R"", 5, 7], [""B"", 6, 5]]",27
checker_cf1_asymmetric_n3_k5,checker_jumping,cf1_asymmetric,3,"{""n_red"": 3, ""n_blue"": 8, ""k"": 5, ""n_empty"": 1, ""jump_distance"": 1}","[""R"", ""R"", ""R"", ""_"", ""B"", ""B"", ""B"", ""B"", ""B"", ""B"", ""B"", ""B""]","[""B"", ""B"", ""B"", ""B"", ""B"", ""B"", ""B"", ""B"", ""_"", ""R"", ""R"", ""R""]","[[""R"", 2, 3], [""B"", 4, 2], [""B"", 5, 4], [""R"", 3, 5], [""R"", 1, 3], [""R"", 0, 1], [""B"", 2, 0], [""B"", 4, 2], [""B"", 6, 4], [""B"", 7, 6], [""R"", 5, 7], [""R"", 3, 5], [""R"", 1, 3], [""B"", 2, 1], [""B"", 4, 2], [""B"", 6, 4], [""B"", 8, 6], [""B"", 9, 8], [""R"", 7, 9], [""R"", 5, 7], [""R"", 3, 5], [""B"", 4, 3], [""B"", 6, 4], [""B"", 8, 6], [""B"", 10, 8], [""B"", 11, 10], [""R"", 9, 11], [""R"", 7, 9], [""R"", 5, 7], [""B"", 6, 5], [""B"", 8, 6], [""B"", 10, 8], [""R"", 9, 10], [""R"", 7, 9], [""B"", 8, 7]]",35
checker_cf1_asymmetric_n4_k1,checker_jumping,cf1_asymmetric,4,"{""n_red"": 4, ""n_blue"": 5, ""k"": 1, ""n_empty"": 1, ""jump_distance"": 1}","[""R"", ""R"", ""R"", ""R"", ""_"", ""B"", ""B"", ""B"", ""B"", ""B""]","[""B"", ""B"", ""B"", ""B"", ""B"", ""_"", ""R"", ""R"", ""R"", ""R""]","[[""R"", 3, 4], [""B"", 5, 3], [""B"", 6, 5], [""R"", 4, 6], [""R"", 2, 4], [""R"", 1, 2], [""B"", 3, 1], [""B"", 5, 3], [""B"", 7, 5], [""B"", 8, 7], [""R"", 6, 8], [""R"", 4, 6], [""R"", 2, 4], [""R"", 0, 2], [""B"", 1, 0], [""B"", 3, 1], [""B"", 5, 3], [""B"", 7, 5], [""B"", 9, 7], [""R"", 8, 9], [""R"", 6, 8], [""R"", 4, 6], [""R"", 2, 4], [""B"", 3, 2], [""B"", 5, 3], [""B"", 7, 5], [""R"", 6, 7], [""R"", 4, 6], [""B"", 5, 4]]",29
checker_cf1_asymmetric_n4_k3,checker_jumping,cf1_asymmetric,4,"{""n_red"": 4, ""n_blue"": 7, ""k"": 3, ""n_empty"": 1, ""jump_distance"": 1}","[""R"", ""R"", ""R"", ""R"", ""_"", ""B"", ""B"", ""B"", ""B"", ""B"", ""B"", ""B""]","[""B"", ""B"", ""B"", ""B"", ""B"", ""B"", ""B"", ""_"", ""R"", ""R"", ""R"", ""R""]","[[""R"", 3, 4], [""B"", 5, 3], [""B"", 6, 5], [""R"", 4, 6], [""R"", 2, 4], [""R"", 1, 2], [""B"", 3, 1], [""B"", 5, 3], [""B"", 7, 5], [""B"", 8, 7], [""R"", 6, 8], [""R"", 4, 6], [""R"", 2, 4], [""R"", 0, 2], [""B"", 1, 0], [""B"", 3, 1], [""B"", 5, 3], [""B"", 7, 5], [""B"", 9, 7], [""B"", 10, 9], [""R"", 8, 10], [""R"", 6, 8], [""R"", 4, 6], [""R"", 2, 4], [""B"", 3, 2], [""B"", 5, 3], [""B"", 7, 5], [""B"", 9, 7], [""B"", 11, 9], [""R"", 10, 11], [""R"", 8, 10], [""R"", 6, 8], [""R"", 4, 6], [""B"", 5, 4], [""B"", 7, 5], [""B"", 9, 7], [""R"", 8, 9], [""R"", 6, 8], [""B"", 7, 6]]",39
checker_cf1_asymmetric_n4_k5,checker_jumping,cf1_asymmetric,4,"{""n_red"": 4, ""n_blue"": 9, ""k"": 5, ""n_empty"": 1, ""jump_distance"": 1}","[""R"", ""R"", ""R"", ""R"", ""_"", ""B"", ""B"", ""B"", ""B"", ""B"", ""B"", ""B"", ""B"", ""B""]","[""B"", ""B"", ""B"", ""B"", ""B"", ""B"", ""B"", ""B"", ""B"", ""_"", ""R"", ""R"", ""R"", ""R""]","[[""R"", 3, 4], [""B"", 5, 3], [""B"", 6, 5], [""R"", 4, 6], [""R"", 2, 4], [""R"", 1, 2], [""B"", 3, 1], [""B"", 5, 3], [""B"", 7, 5], [""B"", 8, 7], [""R"", 6, 8], [""R"", 4, 6], [""R"", 2, 4], [""R"", 0, 2], [""B"", 1, 0], [""B"", 3, 1], [""B"", 5, 3], [""B"", 7, 5], [""B"", 9, 7], [""B"", 10, 9], [""R"", 8, 10], [""R"", 6, 8], [""R"", 4, 6], [""R"", 2, 4], [""B"", 3, 2], [""B"", 5, 3], [""B"", 7, 5], [""B"", 9, 7], [""B"", 11, 9], [""B"", 12, 11], [""R"", 10, 12], [""R"", 8, 10], [""R"", 6, 8], [""R"", 4, 6], [""B"", 5, 4], [""B"", 7, 5], [""B"", 9, 7], [""B"", 11, 9], [""B"", 13, 11], [""R"", 12, 13], [""R"", 10, 12], [""R"", 8, 10], [""R"", 6, 8], [""B"", 7, 6], [""B"", 9, 7], [""B"", 11, 9], [""R"", 10, 11], [""R"", 8, 10], [""B"", 9, 8]]",49
checker_cf1_asymmetric_n5_k1,checker_jumping,cf1_asymmetric,5,"{""n_red"": 5, ""n_blue"": 6, ""k"": 1, ""n_empty"": 1, ""jump_distance"": 1}","[""R"", ""R"", ""R"", ""R"", ""R"", ""_"", ""B"", ""B"", ""B"", ""B"", ""B"", ""B""]","[""B"", ""B"", ""B"", ""B"", ""B"", ""B"", ""_"", ""R"", ""R"", ""R"", ""R"", ""R""]","[[""R"", 4, 5], [""B"", 6, 4], [""B"", 7, 6], [""R"", 5, 7], [""R"", 3, 5], [""R"", 2, 3], [""B"", 4, 2], [""B"", 6, 4], [""B"", 8, 6], [""B"", 9, 8], [""R"", 7, 9], [""R"", 5, 7], [""R"", 3, 5], [""R"", 1, 3], [""R"", 0, 1], [""B"", 2, 0], [""B"", 4, 2], [""B"", 6, 4], [""B"", 8, 6], [""B"", 10, 8], [""B"", 11, 10], [""R"", 9, 11], [""R"", 7, 9], [""R"", 5, 7], [""R"", 3, 5], [""R"", 1, 3], [""B"", 2, 1], [""B"", 4, 2], [""B"", 6, 4], [""B"", 8, 6], [""B"", 10, 8], [""R"", 9, 10], [""R"", 7, 9], [""R"", 5, 7], [""R"", 3, 5], [""B"", 4, 3], [""B"", 6, 4], [""B"", 8, 6], [""R"", 7, 8], [""R"", 5, 7], [""B"", 6, 5]]",41
checker_cf1_asymmetric_n5_k3,checker_jumping,cf1_asymmetric,5,"{""n_red"": 5, ""n_blue"": 8, ""k"": 3, ""n_empty"": 1, ""jump_distance"": 1}","[""R"", ""R"", ""R"", ""R"", ""R"", ""_"", ""B"", ""B"", ""B"", ""B"", ""B"", ""B"", ""B"", ""B""]","[""B"", ""B"", ""B"", ""B"", ""B"", ""B"", ""B"", ""B"", ""_"", ""R"", ""R"", ""R"", ""R"", ""R""]","[[""R"", 4, 5], [""B"", 6, 4], [""B"", 7, 6], [""R"", 5, 7], [""R"", 3, 5], [""R"", 2, 3], [""B"", 4, 2], [""B"", 6, 4], [""B"", 8, 6], [""B"", 9, 8], [""R"", 7, 9], [""R"", 5, 7], [""R"", 3, 5], [""R"", 1, 3], [""R"", 0, 1], [""B"", 2, 0], [""B"", 4, 2], [""B"", 6, 4], [""B"", 8, 6], [""B"", 10, 8], [""B"", 11, 10], [""R"", 9, 11], [""R"", 7, 9], [""R"", 5, 7], [""R"", 3, 5], [""R"", 1, 3], [""B"", 2, 1], [""B"", 4, 2], [""B"", 6, 4], [""B"", 8, 6], [""B"", 10, 8], [""B"", 12, 10], [""B"", 13, 12], [""R"", 11, 13], [""R"", 9, 11], [""R"", 7, 9], [""R"", 5, 7], [""R"", 3, 5], [""B"", 4, 3], [""B"", 6, 4], [""B"", 8, 6], [""B"", 10, 8], [""B"", 12, 10], [""R"", 11, 12], [""R"", 9, 11], [""R"", 7, 9], [""R"", 5, 7], [""B"", 6, 5], [""B"", 8, 6], [""B"", 10, 8], [""R"", 9, 10], [""R"", 7, 9], [""B"", 8, 7]]",53
checker_cf1_asymmetric_n5_k5,checker_jumping,cf1_asymmetric,5,"{""n_red"": 5, ""n_blue"": 10, ""k"": 5, ""n_empty"": 1, ""jump_distance"": 1}","[""R"", ""R"", ""R"", ""R"", ""R"", ""_"", ""B"", ""B"", ""B"", ""B"", ""B"", ""B"", ""B"", ""B"", ""B"", ""B""]","[""B"", ""B"", ""B"", ""B"", ""B"", ""B"", ""B"", ""B"", ""B"", ""B"", ""_"", ""R"", ""R"", ""R"", ""R"", ""R""]","[[""R"", 4, 5], [""B"", 6, 4], [""B"", 7, 6], [""R"", 5, 7], [""R"", 3, 5], [""R"", 2, 3], [""B"", 4, 2], [""B"", 6, 4], [""B"", 8, 6], [""B"", 9, 8], [""R"", 7, 9], [""R"", 5, 7], [""R"", 3, 5], [""R"", 1, 3], [""R"", 0, 1], [""B"", 2, 0], [""B"", 4, 2], [""B"", 6, 4], [""B"", 8, 6], [""B"", 10, 8], [""B"", 11, 10], [""R"", 9, 11], [""R"", 7, 9], [""R"", 5, 7], [""R"", 3, 5], [""R"", 1, 3], [""B"", 2, 1], [""B"", 4, 2], [""B"", 6, 4], [""B"", 8, 6], [""B"", 10, 8], [""B"", 12, 10], [""B"", 13, 12], [""R"", 11, 13], [""R"", 9, 11], [""R"", 7, 9], [""R"", 5, 7], [""R"", 3, 5], [""B"", 4, 3], [""B"", 6, 4], [""B"", 8, 6], [""B"", 10, 8], [""B"", 12, 10], [""B"", 14, 12], [""B"", 15, 14], [""R"", 13, 15], [""R"", 11, 13], [""R"", 9, 11], [""R"", 7, 9], [""R"", 5, 7], [""B"", 6, 5], [""B"", 8, 6], [""B"", 10, 8], [""B"", 12, 10], [""B"", 14, 12], [""R"", 13, 14], [""R"", 11, 13], [""R"", 9, 11], [""R"", 7, 9], [""B"", 8, 7], [""B"", 10, 8], [""B"", 12, 10], [""R"", 11, 12], [""R"", 9, 11], [""B"", 10, 9]]",65
checker_cf2_jump_two_n2,checker_jumping,cf2_jump_two,2,"{""n_red"": 2, ""n_blue"": 2, ""n_empty"": 1, ""jump_distance"": 2}","[""R"", ""R"", ""_"", ""B"", ""B""]","[""B"", ""B"", ""_"", ""R"", ""R""]","[[""R"", 1, 2], [""B"", 3, 1], [""B"", 4, 3], [""R"", 2, 4], [""R"", 0, 2], [""B"", 1, 0], [""B"", 3, 1], [""R"", 2, 3]]",8
checker_cf2_jump_two_n3,checker_jumping,cf2_jump_two,3,"{""n_red"": 3, ""n_blue"": 3, ""n_empty"": 1, ""jump_distance"": 2}","[""R"", ""R"", ""R"", ""_"", ""B"", ""B"", ""B""]","[""B"", ""B"", ""B"", ""_"", ""R"", ""R"", ""R""]","[[""R"", 2, 3], [""B"", 4, 2], [""B"", 5, 4], [""R"", 3, 5], [""R"", 1, 3], [""R"", 0, 1], [""B"", 2, 0], [""B"", 4, 2], [""B"", 6, 4], [""R"", 5, 6], [""R"", 3, 5], [""R"", 1, 3], [""B"", 2, 1], [""B"", 4, 2], [""R"", 3, 4]]",15
checker_cf2_jump_two_n4,checker_jumping,cf2_jump_two,4,"{""n_red"": 4, ""n_blue"": 4, ""n_empty"": 1, ""jump_distance"": 2}","[""R"", ""R"", ""R"", ""R"", ""_"", ""B"", ""B"", ""B"", ""B""]","[""B"", ""B"", ""B"", ""B"", ""_"", ""R"", ""R"", ""R"", ""R""]","[[""R"", 3, 4], [""B"", 5, 3], [""B"", 6, 5], [""R"", 4, 6], [""R"", 2, 4], [""R"", 1, 2], [""B"", 3, 1], [""B"", 5, 3], [""B"", 7, 5], [""B"", 8, 7], [""R"", 6, 8], [""R"", 4, 6], [""R"", 2, 4], [""R"", 0, 2], [""B"", 1, 0], [""B"", 3, 1], [""B"", 5, 3], [""B"", 7, 5], [""R"", 6, 7], [""R"", 4, 6], [""R"", 2, 4], [""B"", 3, 2], [""B"", 5, 3], [""R"", 4, 5]]",24
checker_cf2_jump_two_n5,checker_jumping,cf2_jump_two,5,"{""n_red"": 5, ""n_blue"": 5, ""n_empty"": 1, ""jump_distance"": 2}","[""R"", ""R"", ""R"", ""R"", ""R"", ""_"", ""B"", ""B"", ""B"", ""B"", ""B""]","[""B"", ""B"", ""B"", ""B"", ""B"", ""_"", ""R"", ""R"", ""R"", ""R"", ""R""]","[[""R"", 4, 5], [""B"", 6, 4], [""B"", 7, 6], [""R"", 5, 7], [""R"", 3, 5], [""R"", 2, 3], [""B"", 4, 2], [""B"", 6, 4], [""B"", 8, 6], [""B"", 9, 8], [""R"", 7, 9], [""R"", 5, 7], [""R"", 3, 5], [""R"", 1, 3], [""R"", 0, 1], [""B"", 2, 0], [""B"", 4, 2], [""B"", 6, 4], [""B"", 8, 6], [""B"", 10, 8], [""R"", 9, 10], [""R"", 7, 9], [""R"", 5, 7], [""R"", 3, 5], [""R"", 1, 3], [""B"", 2, 1], [""B"", 4, 2], [""B"", 6, 4], [""B"", 8, 6], [""R"", 7, 8], [""R"", 5, 7], [""R"", 3, 5], [""B"", 4, 3], [""B"", 6, 4], [""R"", 5, 6]]",35
checker_cf2_jump_two_n6,checker_jumping,cf2_jump_two,6,"{""n_red"": 6, ""n_blue"": 6, ""n_empty"": 1, ""jump_distance"": 2}","[""R"", ""R"", ""R"", ""R"", ""R"", ""R"", ""_"", ""B"", ""B"", ""B"", ""B"", ""B"", ""B""]","[""B"", ""B"", ""B"", ""B"", ""B"", ""B"", ""_"", ""R"", ""R"", ""R"", ""R"", ""R"", ""R""]","[[""R"", 5, 6], [""B"", 7, 5], [""B"", 8, 7], [""R"", 6, 8], [""R"", 4, 6], [""R"", 3, 4], [""B"", 5, 3], [""B"", 7, 5], [""B"", 9, 7], [""B"", 10, 9], [""R"", 8, 10], [""R"", 6, 8], [""R"", 4, 6], [""R"", 2, 4], [""R"", 1, 2], [""B"", 3, 1], [""B"", 5, 3], [""B"", 7, 5], [""B"", 9, 7], [""B"", 11, 9], [""B"", 12, 11], [""R"", 10, 12], [""R"", 8, 10], [""R"", 6, 8], [""R"", 4, 6], [""R"", 2, 4], [""R"", 0, 2], [""B"", 1, 0], [""B"", 3, 1], [""B"", 5, 3], [""B"", 7, 5], [""B"", 9, 7], [""B"", 11, 9], [""R"", 10, 11], [""R"", 8, 10], [""R"", 6, 8], [""R"", 4, 6], [""R"", 2, 4], [""B"", 3, 2], [""B"", 5, 3], [""B"", 7, 5], [""B"", 9, 7], [""R"", 8, 9], [""R"", 6, 8], [""R"", 4, 6], [""B"", 5, 4], [""B"", 7, 5], [""R"", 6, 7]]",48
checker_cf3_two_empty_n2,checker_jumping,cf3_two_empty,2,"{""n_red"": 2, ""n_blue"": 2, ""n_empty"": 2, ""jump_distance"": 1}","[""R"", ""R"", ""_"", ""_"", ""B"", ""B""]","[""B"", ""B"", ""_"", ""_"", ""R"", ""R""]","[[""R"", 1, 2], [""R"", 0, 1], [""R"", 2, 3], [""B"", 4, 2], [""B"", 2, 0], [""R"", 1, 2], [""R"", 3, 4], [""B"", 5, 3], [""B"", 3, 1], [""R"", 2, 3], [""R"", 4, 5], [""R"", 3, 4]]",12
checker_cf3_two_empty_n3,checker_jumping,cf3_two_empty,3,"{""n_red"": 3, ""n_blue"": 3, ""n_empty"": 2, ""jump_distance"": 1}","[""R"", ""R"", ""R"", ""_"", ""_"", ""B"", ""B"", ""B""]","[""B"", ""B"", ""B"", ""_"", ""_"", ""R"", ""R"", ""R""]","[[""R"", 2, 3], [""R"", 1, 2], [""R"", 0, 1], [""R"", 3, 4], [""B"", 5, 3], [""B"", 6, 5], [""R"", 4, 6], [""R"", 2, 4], [""R"", 1, 2], [""B"", 3, 1], [""B"", 1, 0], [""B"", 5, 3], [""B"", 3, 1], [""R"", 2, 3], [""B"", 7, 5], [""R"", 6, 7], [""R"", 4, 6], [""R"", 3, 4], [""B"", 5, 3], [""B"", 3, 2], [""R"", 4, 5]]",21
checker_cf3_two_empty_n4,checker_jumping,cf3_two_empty,4,"{""n_red"": 4, ""n_blue"": 4, ""n_empty"": 2, ""jump_distance"": 1}","[""R"", ""R"", ""R"", ""R"", ""_"", ""_"", ""B"", ""B"", ""B"", ""B""]","[""B"", ""B"", ""B"", ""B"", ""_"", ""_"", ""R"", ""R"", ""R"", ""R""]","[[""R"", 3, 4], [""R"", 2, 3], [""R"", 1, 2], [""R"", 0, 1], [""R"", 4, 5], [""B"", 6, 4], [""B"", 7, 6], [""R"", 5, 7], [""R"", 3, 5], [""R"", 2, 3], [""B"", 4, 2], [""B"", 2, 0], [""R"", 1, 2], [""B"", 6, 4], [""B"", 8, 6], [""B"", 9, 8], [""R"", 7, 9], [""R"", 5, 7], [""R"", 3, 5], [""R"", 2, 3], [""B"", 4, 2], [""B"", 2, 1], [""B"", 6, 4], [""B"", 4, 2], [""R"", 3, 4], [""B"", 8, 6], [""R"", 7, 8], [""R"", 5, 7], [""R"", 4, 5], [""B"", 6, 4], [""B"", 4, 3], [""R"", 5, 6]]",32
checker_cf3_two_empty_n5,checker_jumping,cf3_two_empty,5,"{""n_red"": 5, ""n_blue"": 5, ""n_empty"": 2, ""jump_distance"": 1}","[""R"", ""R"", ""R"", ""R"", ""R"", ""_"", ""_"", ""B"", ""B"", ""B"", ""B"", ""B""]","[""B"", ""B"", ""B"", ""B"", ""B"", ""_"", ""_"", ""R"", ""R"", ""R"", ""R"", ""R""]","[[""R"", 4, 5], [""R"", 3, 4], [""R"", 2, 3], [""R"", 1, 2], [""R"", 0, 1], [""R"", 5, 6], [""B"", 7, 5], [""B"", 8, 7], [""R"", 6, 8], [""R"", 4, 6], [""R"", 3, 4], [""B"", 5, 3], [""B"", 7, 5], [""B"", 9, 7], [""B"", 10, 9], [""R"", 8, 10], [""R"", 6, 8], [""R"", 4, 6], [""R"", 2, 4], [""R"", 1, 2], [""B"", 3, 1], [""B"", 1, 0], [""B"", 5, 3], [""B"", 3, 1], [""R"", 2, 3], [""B"", 7, 5], [""B"", 9, 7], [""B"", 11, 9], [""R"", 10, 11], [""R"", 8, 10], [""R"", 6, 8], [""R"", 4, 6], [""R"", 3, 4], [""B"", 5, 3], [""B"", 3, 2], [""B"", 7, 5], [""B"", 5, 3], [""R"", 4, 5], [""B"", 9, 7], [""R"", 8, 9], [""R"", 6, 8], [""R"", 5, 6], [""B"", 7, 5], [""B"", 5, 4], [""R"", 6, 7]]",45
checker_cf3_two_empty_n6,checker_jumping,cf3_two_empty,6,"{""n_red"": 6, ""n_blue"": 6, ""n_empty"": 2, ""jump_distance"": 1}","[""R"", ""R"", ""R"", ""R"", ""R"", ""R"", ""_"", ""_"", ""B"", ""B"", ""B"", ""B"", ""B"", ""B""]","[""B"", ""B"", ""B"", ""B"", ""B"", ""B"", ""_"", ""_"", ""R"", ""R"", ""R"", ""R"", ""R"", ""R""]","[[""R"", 5, 6], [""R"", 4, 5], [""R"", 3, 4], [""R"", 2, 3], [""R"", 1, 2], [""R"", 0, 1], [""R"", 6, 7], [""B"", 8, 6], [""B"", 9, 8], [""R"", 7, 9], [""R"", 5, 7], [""R"", 4, 5], [""B"", 6, 4], [""B"", 8, 6], [""B"", 10, 8], [""B"", 11, 10], [""R"", 9, 11], [""R"", 7, 9], [""R"", 5, 7], [""R"", 3, 5], [""R"", 2, 3], [""B"", 4, 2], [""B"", 2, 0], [""R"", 1, 2], [""B"", 6, 4], [""B"", 8, 6], [""B"", 10, 8], [""B"", 12, 10], [""B"", 13, 12], [""R"", 11, 13], [""R"", 9, 11], [""R"", 7, 9], [""R"", 5, 7], [""R"", 3, 5], [""R"", 2, 3], [""B"", 4, 2], [""B"", 2, 1], [""B"", 6, 4], [""B"", 4, 2], [""R"", 3, 4], [""B"", 8, 6], [""B"", 10, 8], [""B"", 12, 10], [""R"", 11, 12], [""R"", 9, 11], [""R"", 7, 9], [""R"", 5, 7], [""R"", 4, 5], [""B"", 6, 4], [""B"", 4, 3], [""B"", 8, 6], [""B"", 6, 4], [""R"", 5, 6], [""B"", 10, 8], [""R"", 9, 10], [""R"", 7, 9], [""R"", 6, 7], [""B"", 8, 6], [""B"", 6, 5], [""R"", 7, 8]]",60
river_baseline_n2,river_crossing,baseline,2,"{""n_pairs"": 2, ""boat_capacity"": 2, ""neutral"": false}","[[""A_1"", ""A_2"", ""a_1"", ""a_2""], []]","[[], [""A_1"", ""A_2"", ""a_1"", ""a_2""]]","[[""A_1"", ""a_1""], [""A_1""], [""A_1"", ""A_2""], [""A_2""], [""A_2"", ""a_2""]]",5
river_baseline_n3,river_crossing,baseline,3,"{""n_pairs"": 3, ""boat_capacity"": 2, ""neutral"": false}","[[""A_1"", ""A_2"", ""A_3"", ""a_1"", ""a_2"", ""a_3""], []]","[[], [""A_1"", ""A_2"", ""A_3"", ""a_1"", ""a_2"", ""a_3""]]","[[""A_1"", ""a_1""], [""A_1""], [""a_2"", ""a_3""], [""a_1""], [""A_2"", ""A_3""], [""A_2"", ""a_2""], [""A_1"", ""A_2""], [""a_3""], [""a_1"", ""a_2""], [""A_3""], [""A_3"", ""a_3""]]",11
river_baseline_n4,river_crossing,baseline,4,"{""n_pairs"": 4, ""boat_capacity"": 3, ""neutral"": false}","[[""A_1"", ""A_2"", ""A_3"", ""A_4"", ""a_1"", ""a_2"", ""a_3"", ""a_4""], []]","[[], [""A_1"", ""A_2"", ""A_3"", ""A_4"", ""a_1"", ""a_2"", ""a_3"", ""a_4""]]","[[""A_1"", ""a_1""], [""A_1""], [""A_1"", ""A_2"", ""a_2""], [""A_1"", ""a_1""], [""A_1"", ""A_3"", ""A_4""], [""a_2""], [""a_1"", ""a_2""], [""a_1""], [""a_1"", ""a_3"", ""a_4""]]",9
river_baseline_n5,river_crossing,baseline,5,"{""n_pairs"": 5, ""boat_capacity"": 3, ""neutral"": false}","[[""A_1"", ""A_2"", ""A_3"", ""A_4"", ""A_5"", ""a_1"", ""a_2"", ""a_3"", ""a_4"", ""a_5""], []]","[[], [""A_1"", ""A_2"", ""A_3"", ""A_4"", ""A_5"", ""a_1"", ""a_2"", ""a_3"", ""a_4"", ""a_5""]]","[[""A_1"", ""a_1""], [""A_1""], [""a_2"", ""a_3"", ""a_4""], [""a_1""], [""A_2"", ""A_3"", ""A_4""], [""A_2"", ""a_2""], [""A_1"", ""A_2"", ""A_5""], [""a_3""], [""a_1"", ""a_2""], [""a_1""], [""a_1"", ""a_3"", ""a_5""]]",11
river_cf1_neutral_n2,river_crossing,cf1_neutral,2,"{""n_pairs"": 2, ""boat_capacity"": 2, ""neutral"": true}","[[""A_1"", ""A_2"", ""a_1"", ""a_2"", ""neutral""], []]","[[], [""A_1"", ""A_2"", ""a_1"", ""a_2"", ""neutral""]]","[[""A_1"", ""a_1""], [""A_1""], [""A_1"", ""A_2""], [""A_2""], [""A_2"", ""a_2""], [""a_1""], [""a_1"", ""neutral""]]",7
river_cf1_neutral_n3,river_crossing,cf1_neutral,3,"{""n_pairs"": 3, ""boat_capacity"": 2, ""neutral"": true}","[[""A_1"", ""A_2"", ""A_3"", ""a_1"", ""a_2"", ""a_3"", ""neutral""], []]","[[], [""A_1"", ""A_2"", ""A_3"", ""a_1"", ""a_2"", ""a_3"", ""neutral""]]","[[""A_1"", ""a_1""], [""A_1""], [""A_1"", ""neutral""], [""A_1""], [""a_2"", ""a_3""], [""a_1""], [""A_2"", ""A_3""], [""neutral""], [""A_1"", ""a_1""], [""a_1""], [""a_1"", ""neutral""]]",11
river_cf1_neutral_n4,river_crossing,cf1_neutral,4,"{""n_pairs"": 4, ""boat_capacity"": 3, ""neutral"": true}","[[""A_1"", ""A_2"", ""A_3"", ""A_4"", ""a_1"", ""a_2"", ""a_3"", ""a_4"", ""neutral""], []]","[[], [""A_1"", ""A_2"", ""A_3"", ""A_4"", ""a_1"", ""a_2"", ""a_3"", ""a_4"", ""neutral""]]","[[""A_1"", ""a_1"", ""neutral""], [""A_1""], [""A_1"", ""A_2"", ""a_2""], [""neutral""], [""A_3"", ""A_4"", ""a_3""], [""A_4""], [""A_4"", ""a_4"", ""neutral""]]",7
river_cf1_neutral_n5,river_crossing,cf1_neutral,5,"{""n_pairs"": 5, ""boat_capacity"": 3, ""neutral"": true}","[[""A_1"", ""A_2"", ""A_3"", ""A_4"", ""A_5"", ""a_1"", ""a_2"", ""a_3"", ""a_4"", ""a_5"", ""neutral""], []]","[[], [""A_1"", ""A_2"", ""A_3"", ""A_4"", ""A_5"", ""a_1"", ""a_2"", ""a_3"", ""a_4"", ""a_5"", ""neutral""]]","[[""A_1"", ""a_1"", ""neutral""], [""A_1""], [""A_1"", ""A_2"", ""a_2""], [""neutral""], [""A_3"", ""A_4"", ""A_5""], [""a_1""], [""a_1"", ""a_3"", ""a_4""], [""A_5""], [""A_5"", ""a_5"", ""neutral""]]",9
